Q2,Q3,Q4,Q5,Q6,Q7,Q8,Q9,Q10,Q11,Q12,Q13,Q14,Q15,Q16,Q17,Q18,Q19,Q20,Q21,Q22,Q23,Q24,Q25,Q26,Q27,Q32,Q29,Q28,Q31,Q30,Q33,Q36,Q34,Q35,Q38,Q39,Q40,Q37,Q41,Q42,Q43,Q44,Q45,Q46,Q47,Q48,Q49,Q50,StartDate 
cx: driver: 01 Getting Timely Appointments  Care and Information CAHPS 01,cx: driver: 02 Got appointment for urgent care as soon as needed CAHPS 02,cx: driver: 03 Got appointment for check-up or routine care as soon as needed CAHPS 03,cx: driver: 04 Got answer to question during regular office hours on same day CAHPS 04,cx: driver: 05 How Well Providers Communicate With Patients CAHPS 05,cx: driver: 06 Provider explained things clearly CAHPS 06,cx: driver: 07 Provider listened carefully CAHPS 07,cx: driver: 08 Provider showed respect CAHPS 08,cx: driver: 09 Provider spent enough time CAHPS 09,cx: driver: 10 Helpful  Courteous and Respectful Office Staff CAHPS 10,cx: driver: 11 Office staff was helpful CAHPS 11,cx: driver: 12 Office staff courteous and respectful CAHPS 12,cx: driver: 13 Providers' Use of Information to Coordinate Patient Care CAHPS 13,cx: driver: 14 Provider knew important information about your medical history CAHPS 14,cx: driver: 15 Providerâs office followed up with test results CAHPS 15,cx: driver: 16 Talked about prescription medicines at each visit CAHPS 16,cx: driver: 17 Talking with You About Taking Care of Your Own Health PCMH CAHPS 17,cx: driver: 18 Someone from provider's office talked with patient about specific health goals CA...,cx: driver: 19 Someone from provider's office asked if there were things that made it hard for pa...,cx: driver: 20 Rating of provider CAHPS 20,cx: driver: 21 Got information about what to do if care is needed on evenings  weekends or holid...,cx: driver: 22 Patient saw a specialist for a particular health problem CAHPS 22,cx: driver: 23 Provider seemed informed and up-to-date about care from specialist CAHPS 23,cx: driver: 24 Someone from provider's office talked about worrying/stressful aspects of patient'...,Demographics: Age,Demographics: Annual Income,Demographics: Children,Demographics: Education,Demographics: Employment,Demographics: Gender,Demographics: Marital Status,Demographics: Primary language at home is English,Geography: City,Geography: Region,Geography: State,Team: CNO,Team: Nurse Manager ,Team: Nurses,Team: Region,xdata External Reference 1,xdata External Reference 2,xdata External Reference 3,xdata External Reference 4 | Location ID,xData External Reference 5,xdata External Reference 6,xdata External Reference 7,xdata External Reference 8,xdata External Reference 9,_CX or EX,StartDate 
"{""ImportId"":""QID2""}","{""ImportId"":""QID3""}","{""ImportId"":""QID4""}","{""ImportId"":""QID5""}","{""ImportId"":""QID6""}","{""ImportId"":""QID7""}","{""ImportId"":""QID8""}","{""ImportId"":""QID9""}","{""ImportId"":""QID10""}","{""ImportId"":""QID11""}","{""ImportId"":""QID12""}","{""ImportId"":""QID13""}","{""ImportId"":""QID14""}","{""ImportId"":""QID15""}","{""ImportId"":""QID16""}","{""ImportId"":""QID17""}","{""ImportId"":""QID18""}","{""ImportId"":""QID19""}","{""ImportId"":""QID20""}","{""ImportId"":""QID21""}","{""ImportId"":""QID22""}","{""ImportId"":""QID23""}","{""ImportId"":""QID24""}","{""ImportId"":""QID25""}","{""ImportId"":""QID26""}","{""ImportId"":""QID27""}","{""ImportId"":""QID32""}","{""ImportId"":""QID29""}","{""ImportId"":""QID28""}","{""ImportId"":""QID31""}","{""ImportId"":""QID30""}","{""ImportId"":""QID33""}","{""ImportId"":""QID36""}","{""ImportId"":""QID34""}","{""ImportId"":""QID35""}","{""ImportId"":""QID38""}","{""ImportId"":""QID39""}","{""ImportId"":""QID40""}","{""ImportId"":""QID37""}","{""ImportId"":""QID41""}","{""ImportId"":""QID42""}","{""ImportId"":""QID43""}","{""ImportId"":""QID44""}","{""ImportId"":""QID45""}","{""ImportId"":""QID46""}","{""ImportId"":""QID47""}","{""ImportId"":""QID48""}","{""ImportId"":""QID49""}","{""ImportId"":""QID50""}","{ ""ImportId"": ""startDate"", ""timeZone"": ""America/Denver""}"
7,3,6,5,2,6,4,7,4,7,8,6,7,7,6,6,7,6,7,7,6,7,7,8,60,3,5,2,1,2,3,2,5,3,10,8,15,115,1,12,14,9,51,9,3,52,2,3,3,2020-03-25
7,4,3,7,8,7,5,6,3,3,8,9,4,9,5,8,4,6,6,3,7,8,7,9,35,2,4,4,7,2,1,2,1,3,1,5,10,114,10,17,13,19,51,6,2,51,8,2,1,2020-03-03
6,6,6,3,4,6,8,3,4,5,7,6,9,4,7,7,9,4,8,7,6,9,4,4,50,4,2,3,4,2,4,2,6,1,4,6,10,132,9,7,12,7,1,7,2,51,2,26,3,2020-03-01
3,8,10,9,8,5,9,6,6,9,6,7,6,4,4,3,5,3,3,6,4,4,4,4,18,4,1,1,3,2,3,1,10,2,4,8,14,111,10,18,11,7,51,6,51,55,2,20,1,2020-03-10
8,8,9,9,6,6,4,5,3,8,5,9,5,3,5,5,8,4,5,3,4,7,4,8,50,6,6,4,6,1,4,2,5,2,10,3,12,121,1,7,19,1,3,2,1,52,3,15,3,2020-03-06
6,5,3,6,9,8,7,7,5,8,3,4,3,8,6,5,3,7,8,4,7,3,9,6,50,6,3,6,2,1,4,2,6,3,6,6,11,122,9,7,10,12,51,3,3,55,6,3,3,2020-03-30
5,4,7,9,2,3,3,7,5,8,6,5,6,8,3,3,7,8,7,9,8,6,6,4,35,1,5,3,4,2,4,1,6,4,5,1,10,1,1,16,5,7,3,11,51,58,5,21,2,2020-03-18
5,4,4,8,7,4,3,7,8,5,5,6,9,8,8,7,4,3,7,4,8,9,7,9,60,5,4,4,7,1,4,2,8,3,9,3,15,111,10,10,7,12,52,6,2,56,9,28,3,2020-03-22
3,5,3,9,8,7,8,7,6,4,6,3,5,6,5,9,8,4,7,9,7,9,6,5,35,5,5,3,2,1,4,1,1,2,8,2,14,124,10,15,14,3,51,10,51,57,1,27,2,2020-03-20
4,7,9,6,10,5,8,8,8,5,4,9,8,8,5,8,9,5,4,5,9,9,3,6,60,4,3,1,3,1,4,1,7,1,8,7,13,123,9,7,10,8,52,13,1,2,2,3,3,2020-03-22
5,6,8,9,7,9,4,8,7,5,7,7,4,8,5,8,6,8,4,7,7,7,9,8,80,1,2,2,1,1,4,1,3,2,7,8,13,122,10,16,19,1,3,13,2,1,4,16,1,2020-03-29
3,4,9,4,6,7,4,7,9,6,5,5,8,6,7,3,5,5,5,3,4,8,4,6,35,4,5,2,2,1,5,2,10,1,10,2,15,134,10,10,16,14,3,3,2,57,9,13,3,2020-03-22
9,9,5,5,5,7,6,9,4,8,3,6,8,7,9,7,6,9,6,4,5,4,4,4,35,4,3,3,4,2,5,1,4,4,3,9,15,117,10,19,18,18,3,9,51,51,8,23,1,2020-03-16
6,9,9,6,6,4,4,3,9,8,9,8,8,5,3,9,8,8,9,8,5,7,9,7,18,6,3,6,7,2,4,1,7,1,9,8,16,109,10,3,16,12,51,7,3,55,7,6,2,2020-03-04
7,6,7,5,5,6,7,5,4,8,9,8,4,8,5,8,7,8,3,8,5,9,7,9,35,4,2,7,3,1,4,2,10,2,10,9,11,132,1,2,18,14,2,5,2,2,3,5,1,2020-03-09
4,8,8,7,9,8,4,7,9,6,6,5,4,5,6,9,5,5,7,6,4,4,5,8,60,4,6,4,6,1,1,2,5,2,8,7,11,116,9,7,9,13,2,10,51,58,7,21,2,2020-03-09
8,4,5,5,4,4,6,8,8,8,7,5,8,3,9,5,8,9,5,8,7,3,8,4,50,4,5,1,2,1,5,1,10,2,8,4,9,127,1,1,15,17,3,5,1,54,8,25,2,2020-03-22
6,8,10,8,3,3,6,8,5,9,4,4,6,8,8,6,5,3,7,6,7,6,9,8,35,2,4,6,6,2,3,2,1,3,5,7,15,121,10,2,16,12,52,15,51,3,10,16,2,2020-03-02
8,6,10,4,9,6,7,6,6,6,6,7,7,3,8,3,4,8,9,7,4,5,7,9,60,2,6,4,2,1,3,1,5,1,7,10,1,108,9,8,19,4,51,11,52,1,2,3,2,2020-03-20
4,5,7,4,3,9,6,4,7,6,8,4,7,5,8,4,6,6,8,5,7,6,7,8,50,4,6,2,3,1,4,1,2,3,3,6,15,1,1,4,6,18,51,10,51,2,4,3,1,2020-03-02
4,6,7,8,5,6,3,6,5,8,8,6,3,4,4,8,4,6,6,6,8,7,8,6,60,6,5,2,5,2,1,2,4,2,10,3,11,109,1,18,19,14,3,12,2,58,3,19,2,2020-03-18
6,8,7,8,5,4,5,4,9,7,3,8,5,8,4,5,5,6,3,8,4,3,5,6,35,6,5,4,4,2,5,2,11,3,9,7,10,109,1,20,3,12,2,2,1,1,3,22,3,2020-03-09
5,7,8,4,8,7,6,4,9,3,4,6,4,5,6,6,5,4,7,5,8,7,4,7,50,4,3,7,5,2,1,2,3,2,1,8,10,131,1,19,13,3,51,14,3,1,5,18,1,2020-03-18
3,6,9,9,2,6,7,3,7,3,7,7,5,4,9,3,7,3,7,5,8,9,7,8,60,2,3,6,1,1,4,2,3,4,6,6,13,116,9,6,4,2,3,7,52,56,5,11,2,2020-03-04
9,8,9,8,8,6,4,7,4,8,6,5,7,5,6,6,7,7,7,9,5,8,8,7,35,5,2,5,2,2,3,2,7,1,4,5,11,126,9,5,15,8,2,5,51,55,4,19,1,2020-03-30
4,3,5,8,2,6,9,5,4,4,8,9,4,5,8,3,7,5,8,9,4,9,6,7,80,2,6,6,6,1,3,2,2,3,5,2,9,117,10,8,15,12,51,2,1,55,7,4,3,2020-03-06
7,7,10,5,8,6,5,6,5,5,4,4,7,4,4,8,5,7,6,5,5,3,9,6,35,3,5,1,5,1,4,1,7,1,9,7,17,114,10,6,12,15,3,8,51,55,3,8,2,2020-03-21
4,5,3,5,7,9,5,6,5,7,8,8,6,6,5,6,4,3,9,8,4,4,8,7,50,4,4,2,4,1,4,1,4,4,6,9,1,110,9,8,11,15,52,10,3,55,9,14,3,2020-03-01
8,8,9,4,4,8,5,7,7,4,6,4,8,8,3,7,4,7,7,9,9,3,5,6,50,1,1,7,7,1,5,1,5,1,10,8,9,109,10,19,18,3,51,14,3,52,3,14,1,2020-03-22
3,8,9,3,8,3,7,8,8,3,5,3,8,5,7,6,4,3,6,4,7,6,6,7,50,5,5,6,4,1,3,1,8,3,6,2,16,123,9,13,11,14,51,7,52,58,5,8,1,2020-03-27
8,3,7,4,3,5,9,6,7,8,8,5,7,4,5,4,4,6,3,9,4,4,7,5,60,2,2,2,1,1,1,1,3,3,7,8,13,129,1,3,17,15,52,13,2,56,6,20,2,2020-03-25
6,8,10,6,5,6,8,7,4,5,6,6,3,6,5,8,7,4,9,5,6,6,5,9,50,5,2,2,3,2,1,1,4,4,2,4,9,134,9,6,17,16,3,10,2,56,9,6,2,2020-03-16
7,6,6,7,6,7,6,8,5,4,7,6,7,3,7,7,9,7,7,3,6,3,5,7,60,2,5,3,2,2,4,2,5,4,8,7,9,115,10,6,7,7,3,2,1,55,4,15,2,2020-03-24
4,5,8,5,3,3,7,8,5,3,8,7,4,6,7,3,3,4,8,5,5,4,7,5,35,3,3,1,5,1,4,1,10,3,6,8,11,107,1,9,4,10,2,10,3,52,5,6,3,2020-03-23
3,7,8,7,10,9,3,6,9,3,5,7,8,6,9,4,5,3,6,7,9,7,8,7,60,2,4,7,3,1,5,1,3,1,3,5,15,125,9,20,11,12,3,13,3,3,2,23,2,2020-03-28
7,8,8,6,8,3,7,5,8,7,7,8,5,3,4,5,6,4,6,5,9,5,7,9,80,2,5,2,4,2,4,2,2,3,10,3,16,125,9,15,2,19,51,10,2,2,9,27,3,2020-03-23
4,4,9,7,10,8,6,7,8,6,4,6,5,7,6,7,8,8,7,3,8,4,7,6,80,5,5,2,6,1,5,1,6,4,3,3,15,1,10,13,13,8,2,10,1,1,6,29,2,2020-03-07
8,5,7,7,5,4,3,4,5,8,5,9,6,7,7,5,8,8,9,6,3,4,5,3,60,5,5,2,2,1,4,2,10,3,4,3,10,123,9,7,6,9,51,1,3,54,9,14,1,2020-03-24
7,8,8,9,5,7,4,5,9,6,6,5,4,5,3,9,9,4,6,6,6,8,6,7,35,2,3,3,3,1,1,2,11,3,9,10,9,113,11,5,10,13,52,14,3,1,1,6,3,2020-03-05
5,5,3,4,8,5,3,5,6,7,6,8,5,4,3,4,8,7,4,5,6,5,7,7,35,5,4,3,6,1,3,1,6,2,10,7,10,128,9,9,2,17,51,11,52,1,9,3,3,2020-03-01
7,7,4,4,9,8,5,6,4,4,4,6,7,3,3,3,7,9,5,4,4,7,6,6,18,3,3,3,6,2,5,1,3,3,4,9,16,132,1,13,12,5,51,7,1,54,9,7,1,2020-03-27
6,5,9,5,8,7,7,4,5,8,3,4,4,4,9,6,5,5,6,8,7,7,8,4,35,1,2,2,2,1,3,2,7,1,2,3,16,113,11,19,16,11,2,15,2,52,3,19,2,2020-03-27
4,7,6,9,7,9,8,3,5,7,5,8,6,7,7,5,5,3,6,4,7,3,7,6,35,3,5,2,1,1,3,1,9,3,2,2,12,126,10,8,6,1,51,10,51,1,9,14,2,2020-03-02
8,6,6,5,10,6,4,5,3,7,8,7,5,8,8,7,4,7,7,6,4,7,3,5,60,6,1,5,5,2,1,1,4,1,6,9,12,110,1,15,2,19,1,8,2,54,2,15,3,2020-03-07
6,6,4,5,5,7,3,8,5,4,6,5,7,8,3,3,5,6,6,8,7,8,4,6,50,3,2,2,2,2,5,2,4,2,4,7,9,108,9,4,14,15,51,8,3,56,6,6,1,2020-03-14
5,9,4,5,6,8,4,6,5,4,8,8,5,6,4,4,4,3,5,9,8,6,8,6,18,2,3,2,7,2,1,2,9,4,10,1,12,133,11,8,3,13,3,5,3,57,8,28,2,2020-03-21
5,5,6,8,7,9,3,6,5,7,9,7,7,6,6,3,8,6,7,5,6,5,5,4,60,1,4,1,3,2,1,2,6,2,2,4,13,122,10,5,10,10,2,5,51,52,2,20,2,2020-03-22
5,7,7,4,6,3,7,4,7,3,8,8,7,4,8,9,5,4,3,4,8,8,6,8,50,4,6,5,4,1,5,2,8,3,9,3,14,122,1,9,18,11,51,10,51,54,2,29,1,2020-03-10
8,5,5,4,4,8,5,7,7,3,9,5,8,3,7,5,9,4,4,7,4,3,7,5,35,4,2,4,4,2,3,2,3,3,10,9,12,127,9,13,13,13,51,12,2,52,6,3,1,2020-03-13
8,4,9,5,5,3,8,4,4,5,9,8,4,6,4,3,8,4,7,8,7,6,9,7,80,5,5,2,4,2,3,2,5,4,3,4,11,117,9,19,12,14,3,2,51,1,2,12,2,2020-03-02
8,6,6,7,9,7,5,7,5,6,5,3,8,6,4,6,8,6,8,6,8,7,8,8,35,3,6,4,7,2,4,1,3,3,4,6,12,119,10,13,2,5,1,7,51,52,4,17,2,2020-03-08
4,4,5,4,7,8,5,6,4,5,4,9,7,5,9,8,4,7,8,5,8,5,8,8,18,5,5,5,1,1,5,2,2,1,6,4,9,124,10,17,15,2,52,12,2,52,4,14,2,2020-03-30
7,7,4,6,3,9,4,6,7,7,9,8,8,5,3,3,7,7,8,9,9,9,8,5,18,2,4,5,4,1,5,1,8,2,7,8,15,106,10,2,14,12,2,4,2,2,2,12,3,2020-03-20
3,4,8,5,8,7,6,8,7,7,6,9,4,5,5,8,9,6,5,4,6,8,5,3,18,6,6,5,2,2,3,1,2,4,6,4,10,116,11,15,12,3,51,2,2,2,2,7,2,2020-03-17
8,7,7,4,2,6,8,8,3,8,7,6,7,3,7,8,5,6,5,8,6,6,5,7,35,4,4,7,7,2,4,2,9,4,5,4,13,117,10,7,1,12,2,3,2,51,3,12,1,2020-03-12
6,7,9,5,3,9,6,5,9,6,7,7,6,9,4,8,9,7,8,6,4,7,8,8,50,5,3,2,2,1,1,1,9,3,5,10,13,126,10,4,10,9,2,3,3,51,6,24,2,2020-03-10
4,9,8,6,5,7,9,7,8,4,8,6,6,4,4,7,9,7,6,7,7,5,4,4,80,3,3,1,5,1,4,2,5,3,9,5,15,115,10,17,9,16,51,13,2,52,4,14,3,2020-03-17
5,8,5,4,8,7,9,7,6,9,6,7,5,3,8,8,6,6,7,5,7,9,5,9,50,2,5,1,4,1,5,1,2,2,7,5,13,134,10,6,14,12,2,4,51,57,3,18,2,2020-03-06
8,4,4,7,8,5,8,8,5,6,8,3,8,8,9,5,4,8,8,7,3,8,8,9,18,5,2,4,2,2,1,1,5,1,6,8,17,122,10,14,16,6,51,9,52,54,2,9,1,2020-03-10
8,5,8,5,8,7,7,6,6,4,5,4,5,4,9,8,6,7,3,6,6,4,9,8,80,6,3,6,3,1,1,2,9,3,3,4,9,129,1,14,14,15,3,13,51,2,1,11,1,2020-03-18
8,9,9,3,5,4,6,4,6,8,4,6,4,8,8,8,3,8,6,6,4,3,4,4,35,5,3,7,7,2,4,1,7,1,4,3,9,124,9,3,13,13,2,2,51,51,5,17,2,2020-03-29
4,7,10,6,10,4,6,6,8,8,7,4,4,9,7,6,5,5,4,5,4,9,7,9,18,4,2,3,2,2,3,2,3,2,7,8,14,113,9,5,11,12,3,4,2,57,2,12,3,2020-03-16
5,9,8,6,7,8,3,6,9,5,6,4,4,6,9,4,7,4,6,6,5,4,4,8,50,4,3,2,2,1,4,2,6,2,2,7,13,125,9,19,11,16,51,15,3,56,3,17,1,2020-03-28
9,7,5,4,9,5,6,6,7,5,8,8,4,5,6,6,5,6,5,9,4,9,8,4,35,4,2,2,6,2,3,2,1,1,3,7,9,115,10,2,5,2,51,1,3,55,7,27,1,2020-03-14
7,5,6,4,5,7,6,9,7,7,5,8,7,3,5,6,6,5,3,9,8,9,4,4,50,5,2,6,2,2,1,2,3,1,5,5,10,133,10,7,19,6,51,2,51,57,7,12,2,2020-03-30
4,6,6,5,6,8,5,7,7,5,3,7,9,9,7,5,6,8,9,7,5,7,4,7,50,2,6,4,5,1,4,2,10,4,8,2,16,123,9,15,18,18,52,6,3,56,7,29,2,2020-03-20
5,8,9,9,5,4,9,8,7,6,6,7,5,3,8,4,5,4,8,4,4,7,8,7,50,4,1,2,3,1,4,1,8,2,2,4,11,113,10,2,18,9,52,4,51,3,7,7,1,2020-03-28
7,8,10,3,9,7,8,5,7,4,7,8,3,5,7,9,8,8,8,5,7,7,9,8,50,3,2,3,7,1,5,1,8,4,6,5,9,120,9,8,4,7,2,5,1,52,9,28,2,2020-03-05
5,7,4,6,3,8,3,8,7,7,6,7,9,5,7,5,8,4,3,8,9,8,6,9,18,5,2,4,2,2,3,2,10,2,1,1,16,134,9,15,13,20,51,4,51,2,9,21,2,2020-03-25
8,5,7,6,5,6,5,5,6,8,5,6,8,6,8,8,6,6,5,3,8,5,6,4,60,5,2,3,6,1,1,1,11,4,7,8,13,114,9,12,9,10,3,5,2,55,1,9,2,2020-03-17
9,5,4,3,2,7,6,6,7,8,7,8,8,6,8,9,6,3,7,9,4,5,4,8,50,2,3,5,7,1,4,1,11,2,5,8,9,110,10,1,13,2,2,14,51,52,8,15,2,2020-03-23
4,7,6,3,6,6,7,5,5,9,5,8,4,6,5,8,8,5,7,8,5,9,6,9,50,1,2,6,6,1,1,1,10,1,3,5,10,123,1,5,2,16,2,13,52,58,1,18,2,2020-03-13
7,8,6,4,8,6,6,6,8,3,8,6,4,4,7,5,7,3,4,4,5,4,5,8,35,2,3,3,4,1,1,2,2,2,2,9,12,132,9,12,12,10,2,5,1,3,3,13,1,2020-03-16
6,3,10,7,8,5,6,4,3,5,7,4,5,4,5,8,6,4,6,8,7,5,8,8,80,1,3,3,2,2,3,1,2,3,5,1,11,112,9,2,10,8,3,14,3,55,3,9,2,2020-03-21
4,9,4,3,2,6,8,7,4,5,4,7,8,7,3,4,5,9,6,7,3,8,4,4,35,3,1,5,5,1,4,2,8,3,6,7,10,130,11,14,3,12,52,12,52,57,3,28,2,2020-03-16
6,6,5,6,9,9,8,4,8,7,4,6,8,7,8,4,5,7,6,9,8,9,3,4,60,2,2,6,4,2,1,2,10,4,4,3,15,110,10,11,10,4,3,3,1,3,5,8,2,2020-03-25
3,5,7,6,9,6,4,5,9,7,3,8,6,7,5,7,7,5,8,4,6,3,8,8,35,3,5,4,6,2,4,2,3,2,4,6,12,119,11,4,5,13,2,12,3,56,5,6,1,2020-03-01
6,4,8,5,6,6,8,7,7,5,4,9,4,7,8,3,5,5,7,8,9,5,3,7,80,4,2,6,3,1,4,2,4,2,5,9,10,114,1,17,17,3,1,13,51,2,8,7,2,2020-03-06
7,7,5,6,2,7,3,4,4,5,3,6,4,8,7,6,5,6,4,4,4,7,7,6,35,4,1,7,2,2,4,2,3,1,5,7,11,128,11,18,5,17,52,11,2,54,3,23,3,2020-03-22
8,4,7,4,6,9,5,3,6,8,9,9,8,7,8,5,6,4,4,7,4,4,6,5,60,4,2,3,6,1,3,2,9,2,1,6,15,133,9,5,2,3,51,2,2,51,4,17,3,2020-03-15
5,4,7,5,7,6,4,5,8,9,6,6,6,7,3,6,9,8,4,4,8,9,4,4,35,5,3,2,6,2,3,2,8,3,5,5,11,128,9,18,10,15,2,14,51,2,10,11,3,2020-03-07
4,8,8,3,3,4,7,6,4,4,5,9,7,9,8,5,4,4,8,9,8,5,7,7,60,2,3,3,3,2,5,1,6,3,5,4,12,113,11,9,9,3,2,2,51,55,7,13,2,2020-03-13
7,4,6,6,9,8,4,7,5,9,8,9,7,7,6,8,8,8,4,3,7,9,5,4,80,3,3,6,4,2,3,1,5,4,6,2,1,109,10,19,1,17,2,11,3,56,2,16,3,2020-03-02
6,6,10,9,8,5,7,8,6,6,8,4,8,6,7,8,4,3,5,6,4,7,8,6,35,2,2,5,2,2,3,1,5,1,3,7,14,119,11,10,7,8,52,11,51,3,3,21,3,2020-03-02
6,5,7,9,10,8,6,5,5,5,9,4,8,5,3,6,7,9,6,7,4,7,8,7,50,3,6,4,5,1,3,2,8,4,8,3,1,107,10,9,4,8,2,7,2,52,8,29,2,2020-03-05
7,8,9,3,3,9,9,8,5,7,6,7,4,6,4,8,6,9,4,7,3,6,9,6,50,1,4,3,5,1,5,2,4,3,4,2,10,117,10,4,19,6,2,13,1,3,6,8,2,2020-03-08
9,5,9,4,8,5,5,3,8,5,5,3,4,5,6,6,5,5,6,7,5,4,4,8,18,5,1,2,5,1,4,1,2,3,3,8,9,115,10,19,18,2,51,6,51,56,5,29,2,2020-03-27
4,6,5,7,9,4,7,7,6,6,4,6,7,3,6,4,4,7,4,9,9,3,4,5,50,2,1,4,4,1,4,1,9,2,10,3,17,128,9,20,10,8,52,7,1,58,2,22,1,2020-03-30
9,7,3,4,8,7,7,9,9,9,8,6,8,5,3,5,7,5,3,6,8,5,4,7,35,3,6,4,2,1,3,1,2,3,7,4,17,106,9,8,7,17,51,10,51,51,8,26,1,2020-03-09
5,7,6,4,3,8,5,7,5,6,4,6,9,8,5,9,9,5,4,7,4,6,8,5,35,2,4,1,2,2,4,2,10,4,6,5,9,112,9,11,19,15,51,12,3,57,9,1,3,2020-03-17
4,6,7,7,10,8,8,4,5,8,5,8,5,4,6,7,8,6,7,4,6,7,8,5,50,5,4,6,2,2,4,1,10,1,3,3,14,123,9,8,18,6,1,14,51,56,2,8,2,2020-03-05
5,9,9,8,3,6,8,4,8,8,5,4,6,5,8,6,7,4,7,8,8,6,3,4,50,3,4,2,4,1,1,1,8,4,7,6,10,122,10,15,20,12,2,6,3,2,4,12,1,2020-03-24
4,9,3,4,7,8,9,7,6,4,4,5,8,6,9,6,7,8,7,4,7,6,8,7,50,4,5,3,3,2,3,2,10,3,8,6,9,114,11,2,8,5,51,6,51,56,7,2,2,2020-03-21
9,7,4,6,9,7,7,5,6,4,4,9,9,7,8,6,8,7,3,4,7,5,7,9,50,3,2,5,6,1,3,1,5,3,7,1,16,111,9,2,17,17,3,7,51,56,9,12,1,2020-03-25
5,5,10,4,6,8,8,5,9,9,6,6,4,3,6,6,3,5,3,4,4,9,8,7,18,6,5,6,2,1,4,2,11,3,7,5,11,116,11,1,19,11,51,11,51,2,6,12,1,2020-03-22
5,9,5,6,3,7,5,4,4,4,7,8,5,7,4,8,4,6,5,4,6,5,7,3,60,2,4,3,2,1,3,2,4,2,4,3,12,123,9,7,11,6,1,4,3,54,5,23,1,2020-03-02
8,6,8,3,4,5,8,4,4,3,5,8,4,7,4,8,3,4,4,7,8,5,6,4,50,3,5,3,4,1,4,1,2,2,5,4,16,122,10,9,18,10,52,5,3,51,5,30,3,2020-03-29
4,4,9,6,10,8,6,8,6,8,3,4,5,4,6,3,9,5,5,4,4,5,7,8,80,4,6,2,6,2,4,2,9,2,7,9,12,108,1,15,14,15,2,11,1,52,4,21,3,2020-03-17
8,7,9,6,5,7,6,9,5,8,9,9,4,7,5,7,6,3,7,8,9,4,4,3,50,6,1,7,6,2,4,2,8,3,3,6,15,117,10,9,2,8,1,4,51,55,2,17,1,2020-03-30
7,4,5,6,8,6,9,4,4,8,6,7,7,8,5,7,8,3,5,9,9,7,5,8,18,5,1,1,4,1,3,1,2,3,6,8,14,107,1,9,17,14,1,1,51,2,2,25,2,2020-03-12
7,7,3,5,2,8,7,3,8,3,6,3,4,9,9,6,6,3,7,4,5,9,4,6,18,3,2,5,4,1,4,1,7,1,10,9,10,107,10,2,13,20,1,10,51,2,9,11,2,2020-03-02
3,4,6,5,6,7,4,4,8,6,7,3,5,3,5,4,6,5,8,7,7,6,6,9,50,3,1,4,3,2,1,2,5,4,9,5,10,112,10,18,8,8,2,12,2,56,5,3,3,2020-03-27
8,6,3,9,2,4,8,6,8,5,4,8,3,7,7,6,9,9,6,8,8,8,4,8,60,6,2,4,5,1,3,2,3,4,5,2,12,119,9,5,5,8,51,3,52,52,1,22,2,2020-03-17
5,5,6,6,8,6,9,7,9,5,5,8,5,4,8,6,6,5,8,8,7,8,7,8,35,6,4,3,3,2,3,2,9,4,4,5,12,124,9,6,5,7,51,14,3,1,3,16,3,2020-03-04
5,9,10,5,9,6,7,7,7,8,4,6,4,4,5,5,8,3,3,7,6,5,9,3,80,6,6,5,4,2,3,1,9,4,7,2,15,118,1,16,18,10,3,10,3,52,8,17,3,2020-03-06
9,5,4,7,8,8,7,4,9,9,7,6,5,9,4,4,4,8,4,4,5,8,7,3,35,6,5,1,5,2,3,1,3,3,8,10,13,119,10,1,6,18,1,12,2,2,3,5,2,2020-03-27
7,7,7,6,3,4,8,4,5,9,6,7,6,6,7,4,8,3,8,4,4,4,6,5,60,4,4,6,7,1,3,2,8,2,4,7,10,121,10,15,7,18,1,9,2,2,9,15,3,2020-03-27
8,8,4,7,4,7,9,8,8,5,9,5,7,6,3,4,7,4,7,5,5,5,5,9,60,2,5,6,2,2,3,2,6,4,3,9,1,133,11,4,18,12,2,10,3,2,9,2,3,2020-03-29
5,4,6,7,7,6,3,3,8,7,6,6,7,8,5,8,7,5,9,8,5,6,6,3,60,3,3,6,3,2,4,1,6,4,2,1,14,130,11,3,6,17,3,11,1,57,3,28,1,2020-03-06
8,7,7,8,9,9,8,6,3,7,8,5,6,8,8,5,3,4,3,9,4,5,6,9,60,6,4,1,4,1,1,2,9,3,4,4,10,108,10,5,13,18,51,3,2,57,7,14,2,2020-03-12
3,7,4,7,7,5,5,7,7,7,8,7,5,5,7,3,3,8,6,4,9,9,7,4,18,4,5,4,6,1,4,1,7,1,8,9,10,126,1,2,7,18,3,5,2,58,2,25,2,2020-03-06
9,5,5,4,4,7,8,6,6,3,8,8,5,4,4,5,7,5,3,4,5,4,3,5,60,2,3,5,4,1,3,1,10,3,8,4,11,123,10,3,13,4,51,14,52,54,5,27,2,2020-03-28
7,5,9,4,10,7,6,8,6,7,8,9,4,4,4,8,4,7,5,8,6,9,3,4,60,3,6,4,6,2,1,2,9,2,6,7,15,131,9,11,2,8,3,5,3,55,7,21,1,2020-03-29
4,6,3,5,7,4,8,8,7,3,7,4,6,7,4,8,5,7,6,8,7,9,8,4,50,5,1,1,7,2,1,1,3,3,3,3,10,132,10,13,12,14,52,11,2,52,10,27,1,2020-03-28
4,9,8,3,8,5,4,5,6,6,6,7,8,8,7,6,3,6,4,4,8,9,3,5,80,3,5,7,3,2,5,2,8,2,4,1,17,122,11,6,19,10,2,8,1,56,10,13,1,2020-03-11
7,3,3,8,6,7,9,5,9,7,7,6,8,7,6,8,5,3,8,3,5,5,7,4,35,5,4,7,5,1,5,2,6,3,6,7,11,116,10,11,2,12,3,11,1,51,2,23,1,2020-03-13
5,5,8,6,6,7,8,7,8,7,7,8,4,8,6,7,6,9,8,3,9,7,9,5,35,2,3,3,2,1,4,2,2,2,2,6,9,119,10,14,3,19,2,3,2,52,4,14,2,2020-03-11
5,7,7,3,7,6,9,8,4,8,4,6,6,5,5,6,8,7,5,4,7,8,4,7,60,2,1,6,7,2,1,2,7,3,7,5,15,109,10,17,3,7,3,14,3,2,8,22,2,2020-03-04
7,4,5,7,7,6,9,4,7,3,6,3,3,3,9,4,9,7,7,3,4,4,9,4,18,4,1,7,2,2,4,2,7,3,4,8,11,128,10,5,10,9,3,3,2,3,9,22,2,2020-03-09
8,8,6,4,5,3,7,6,3,7,4,6,4,5,5,7,6,8,9,6,4,8,6,4,35,6,2,3,2,1,1,2,4,3,2,5,10,112,9,2,13,3,51,8,52,3,7,8,1,2020-03-18
3,5,3,8,9,9,4,4,6,5,7,5,8,6,6,9,3,3,8,5,8,9,7,5,35,4,5,4,3,1,4,2,2,1,5,5,12,127,9,14,20,7,51,9,52,54,2,6,2,2020-03-17
4,6,6,6,8,6,9,7,3,8,4,7,7,3,6,6,5,4,6,6,8,8,7,7,50,4,4,4,5,1,4,2,4,4,2,1,17,125,1,4,16,7,51,14,2,56,2,3,2,2020-03-26
5,7,9,5,4,7,7,7,3,9,6,6,6,7,5,9,7,3,9,6,6,8,7,5,80,3,5,1,5,1,4,1,11,4,3,6,10,112,1,17,18,14,3,10,51,54,4,15,3,2020-03-30
5,4,9,6,8,3,8,8,3,7,7,6,7,5,6,3,7,6,7,6,7,3,9,4,35,1,5,3,6,2,1,1,7,2,5,2,9,121,10,5,16,1,3,7,51,3,9,24,3,2020-03-23
9,6,4,8,7,9,5,7,4,8,4,8,3,9,4,9,7,5,7,6,6,6,6,4,60,2,2,4,2,2,4,2,4,2,2,4,13,108,11,1,5,12,51,10,1,3,5,2,3,2020-03-22
5,6,7,4,8,7,5,4,8,4,8,5,8,9,8,8,7,9,5,8,7,5,4,7,35,2,5,6,7,2,3,1,8,2,4,8,15,114,9,16,20,19,52,12,2,55,3,29,2,2020-03-19
6,5,8,9,3,4,7,6,7,4,4,4,6,6,8,9,6,6,3,7,6,3,5,5,60,6,3,4,3,1,4,2,3,2,8,6,13,109,10,1,16,15,1,7,51,56,1,9,3,2020-03-22
8,4,9,7,4,8,6,7,5,6,4,8,6,8,8,5,9,6,9,5,5,4,8,9,18,4,5,2,4,1,4,1,8,2,4,4,15,125,10,11,19,18,52,14,51,3,6,10,2,2020-03-19
7,8,4,7,10,4,6,5,4,6,7,4,6,6,4,7,5,6,7,6,5,3,6,4,35,2,6,2,4,1,4,2,4,3,4,6,16,108,9,15,2,7,3,5,1,57,6,18,2,2020-03-27
6,5,9,7,6,4,9,9,3,5,7,8,3,3,5,7,8,5,7,8,9,6,8,5,18,1,6,2,4,2,1,1,1,3,1,10,11,110,9,2,5,16,2,10,51,54,4,4,3,2020-03-25
9,6,8,7,8,4,5,5,9,5,9,5,6,4,7,8,4,3,6,6,9,3,7,6,80,1,1,6,2,1,3,2,9,4,5,7,9,116,10,7,11,19,3,5,51,54,7,22,2,2020-03-22
5,4,5,4,9,3,8,7,8,7,4,4,5,6,6,6,9,5,7,8,7,6,4,7,80,2,2,4,6,2,4,2,8,4,8,8,15,1,1,18,16,11,2,2,52,3,5,16,2,2020-03-14
4,5,4,7,5,8,8,5,4,4,9,8,7,9,8,8,9,7,3,7,8,5,4,7,18,1,3,5,2,2,4,1,8,2,10,7,15,117,9,15,14,13,1,14,2,54,9,18,1,2020-03-12
5,3,6,5,5,6,5,7,6,3,8,6,5,4,5,4,7,6,7,7,6,6,7,9,35,5,3,3,6,2,4,2,4,1,8,5,12,110,10,9,7,5,52,15,2,56,6,18,2,2020-03-25
3,7,9,8,7,7,5,7,4,7,5,6,4,4,7,8,5,9,4,7,7,8,4,8,50,2,3,6,5,2,5,2,1,4,8,7,10,114,10,17,20,20,1,14,3,55,4,10,2,2020-03-04
5,7,10,5,9,6,5,5,4,8,4,6,4,8,3,5,6,6,5,6,3,7,5,5,35,1,2,6,3,2,3,2,8,2,9,3,17,107,1,19,9,16,1,9,51,2,4,19,2,2020-03-06
4,7,7,5,7,4,4,9,6,4,6,8,9,5,8,4,5,5,9,8,4,7,6,8,50,4,5,6,3,2,3,1,10,3,8,3,1,109,9,4,18,11,52,11,1,3,4,22,2,2020-03-09
7,6,6,5,2,5,7,6,4,7,5,6,5,5,7,6,6,8,7,6,4,4,8,5,50,2,4,3,2,1,4,1,10,3,7,6,12,122,9,11,20,19,1,15,3,2,2,8,2,2020-03-21
5,5,6,9,4,6,6,3,4,6,7,8,4,4,6,6,4,5,6,4,5,7,5,4,60,5,5,2,2,1,1,1,10,3,7,7,13,122,10,14,3,19,51,14,52,2,7,15,1,2020-03-14
7,6,9,9,10,6,6,8,4,6,7,4,4,4,8,6,6,8,9,3,6,5,7,6,50,3,6,1,6,1,3,1,6,3,10,9,13,118,1,4,20,10,51,5,3,56,7,20,2,2020-03-30
4,6,5,7,4,8,4,5,7,7,5,6,8,5,9,7,4,6,6,5,7,6,8,5,80,3,2,6,4,1,4,2,4,3,2,2,13,118,9,9,4,19,3,10,51,52,10,28,2,2020-03-08
9,3,8,5,8,4,7,6,7,5,5,3,5,6,6,5,5,7,4,4,9,9,8,3,60,3,1,6,4,1,1,2,3,2,3,2,11,106,10,4,13,9,3,12,3,52,1,29,1,2020-03-02
7,7,6,3,7,5,5,8,9,7,6,3,3,6,8,5,4,7,4,4,6,7,4,8,60,4,3,5,6,1,3,2,10,4,8,5,15,127,9,6,6,6,2,15,52,56,7,22,2,2020-03-24
5,8,9,4,4,8,9,3,8,8,5,8,6,5,4,9,9,4,4,5,6,7,5,3,50,6,5,6,6,2,3,1,6,3,7,10,10,113,10,14,13,11,52,10,51,58,2,16,1,2020-03-11
7,7,7,4,7,5,4,5,5,6,6,7,6,4,5,4,4,9,7,6,3,8,4,7,80,4,3,6,5,1,4,2,4,2,1,5,9,122,11,20,2,5,52,2,51,2,9,20,3,2020-03-05
8,8,6,4,6,7,9,6,7,5,6,7,8,6,7,5,9,5,6,9,3,4,7,5,50,5,4,1,7,2,4,1,2,1,2,9,17,129,11,11,17,12,3,7,2,58,2,24,3,2020-03-19
8,4,7,3,2,5,3,6,8,8,8,8,4,6,6,6,8,4,7,9,7,8,4,5,50,5,3,6,5,2,3,2,10,2,3,1,16,113,9,13,13,14,52,8,2,54,5,12,3,2020-03-08
3,4,3,3,8,5,5,3,8,4,9,8,7,8,7,9,7,8,6,8,6,5,9,8,50,6,1,2,5,2,3,1,9,2,10,6,12,122,11,14,5,18,3,6,2,2,3,3,2,2020-03-28
6,7,4,7,5,4,7,9,6,6,7,5,9,6,5,6,6,4,8,3,9,9,6,7,60,3,4,7,4,1,4,2,9,2,7,9,16,128,10,9,13,1,51,8,51,51,2,25,2,2020-03-27
8,7,5,5,8,7,6,4,9,4,8,5,9,7,5,8,7,3,5,8,8,6,4,5,35,2,3,6,2,1,4,1,10,1,5,10,15,115,11,15,1,2,51,2,52,58,6,25,2,2020-03-15
6,6,7,7,2,5,4,9,4,4,3,8,8,6,4,5,7,5,7,5,5,6,6,4,50,5,2,3,4,1,1,1,10,1,5,9,10,132,11,15,7,12,51,8,3,3,4,24,1,2020-03-10
5,8,6,8,9,5,4,5,5,7,4,8,7,6,6,9,7,8,6,9,5,6,8,4,80,5,3,5,7,1,3,1,10,4,7,2,13,111,9,14,2,8,3,14,2,57,8,6,2,2020-03-03
8,9,10,9,9,6,8,8,8,8,9,5,7,5,6,3,4,9,5,5,6,5,5,4,60,1,3,4,7,2,3,1,2,2,1,5,15,128,9,3,19,16,2,8,2,52,7,12,2,2020-03-09
8,4,10,7,8,8,9,3,8,7,5,4,8,4,7,7,5,8,3,8,6,5,7,5,18,5,4,6,2,1,3,2,6,2,2,7,10,125,11,13,18,4,3,10,52,54,1,5,2,2020-03-01
7,7,8,8,2,5,8,5,5,6,6,4,5,7,9,7,3,7,3,6,4,4,8,4,35,5,6,3,5,1,3,1,10,1,9,5,11,130,11,3,5,14,2,13,2,57,3,13,3,2020-03-05
6,4,10,6,10,4,6,4,4,4,6,8,4,5,4,4,4,6,3,7,4,8,6,7,60,6,6,5,3,1,3,1,5,2,6,10,14,120,10,4,11,14,3,2,3,56,4,27,3,2020-03-13
9,8,8,8,5,6,6,6,6,4,9,5,4,6,3,5,5,6,6,4,3,3,6,8,35,3,2,3,6,1,1,1,9,2,5,10,12,122,1,20,15,12,52,14,52,55,4,28,3,2020-03-28
3,6,5,6,9,6,8,4,3,8,6,4,7,4,8,7,6,7,6,5,7,7,8,4,50,4,6,2,4,2,4,2,3,2,7,3,1,111,9,15,15,5,51,4,3,54,3,21,3,2020-03-12
4,8,10,6,9,6,3,3,7,6,4,8,7,4,8,6,7,5,6,4,5,8,7,5,60,2,2,6,2,1,5,2,7,4,9,8,16,106,10,17,17,3,52,10,2,57,9,8,2,2020-03-07
5,9,9,7,7,5,6,8,8,6,6,4,9,7,7,5,8,6,6,8,8,3,8,8,18,3,1,7,6,1,5,2,5,1,5,2,14,124,9,8,3,6,52,9,51,3,10,3,1,2020-03-03
4,8,8,7,6,6,7,9,9,7,4,8,9,6,7,7,3,4,4,5,5,4,5,8,50,5,2,4,2,1,4,2,8,3,5,4,16,120,9,4,16,10,51,10,2,51,6,5,2,2020-03-04
3,4,8,8,2,4,8,5,7,9,3,3,5,7,4,6,3,4,3,3,8,6,8,7,35,5,3,5,3,1,1,2,3,3,4,5,13,110,10,8,3,2,52,14,2,56,7,4,2,2020-03-27
9,5,7,8,6,9,6,6,7,4,6,9,4,7,5,4,7,8,7,8,9,8,8,4,18,4,1,2,5,2,4,1,2,3,5,5,16,130,9,14,2,2,52,8,1,54,3,12,1,2020-03-06
6,4,6,4,5,3,9,4,8,9,6,6,4,3,7,9,5,6,4,7,7,5,5,5,50,2,4,5,6,2,5,1,4,2,8,8,16,121,11,6,4,7,2,2,3,1,10,10,2,2020-03-28
9,8,6,5,3,4,6,4,3,5,3,6,3,9,7,8,6,8,9,7,5,8,7,6,50,4,5,6,4,1,4,1,8,3,3,6,13,128,10,15,13,18,51,12,2,58,5,21,1,2020-03-14
7,3,5,6,4,8,7,6,7,7,7,6,9,6,8,8,3,3,7,9,9,9,8,7,80,1,5,6,6,2,3,2,3,2,4,9,9,121,9,19,8,12,1,5,1,3,9,25,2,2020-03-27
4,4,5,4,10,5,5,6,4,7,5,5,7,8,7,5,3,7,8,3,3,8,4,5,60,4,1,6,2,1,1,1,7,1,6,2,17,131,9,11,9,14,51,2,52,54,2,5,3,2020-03-11
8,6,8,6,2,7,7,8,8,5,7,4,7,9,4,5,3,7,4,7,3,5,4,6,50,3,5,2,5,2,1,2,9,3,7,10,10,112,9,12,2,9,51,5,2,1,2,2,2,2020-03-22
6,6,8,6,3,6,3,5,7,6,4,4,8,9,5,4,7,6,7,4,6,8,4,8,50,2,1,2,2,2,3,2,8,2,3,6,17,117,1,12,6,13,3,9,52,2,8,5,2,2020-03-01
8,8,7,9,8,8,8,6,3,7,6,4,3,7,5,4,9,4,3,3,4,8,3,4,60,2,4,3,6,2,3,1,11,1,8,1,10,128,1,19,16,19,2,2,1,52,7,30,3,2020-03-18
8,4,6,5,6,4,4,4,8,4,4,4,6,8,9,4,4,4,7,5,7,4,3,8,80,6,3,6,5,2,5,2,3,3,2,8,10,117,10,12,16,6,51,7,2,2,5,19,3,2020-03-25
5,4,9,5,8,8,6,5,6,6,8,9,7,8,8,6,3,8,5,8,7,5,8,5,35,2,2,5,7,2,4,2,7,3,3,5,14,119,9,12,12,14,51,12,3,1,5,25,2,2020-03-20
6,5,9,6,2,4,5,5,6,5,6,3,7,5,7,7,7,6,3,4,6,6,7,8,60,4,2,2,3,2,4,1,2,4,2,10,10,118,9,18,2,5,1,11,2,51,2,27,2,2020-03-07
8,6,5,8,4,4,4,9,4,3,8,5,8,5,4,6,5,3,4,5,8,4,7,5,35,3,4,4,4,1,4,2,5,4,7,7,15,133,11,16,2,4,51,14,51,51,2,3,3,2020-03-30
7,4,4,8,8,8,3,8,6,6,7,8,8,9,5,4,6,5,7,6,7,6,5,8,60,5,2,1,3,1,1,2,10,4,9,3,12,110,9,4,12,10,1,6,2,55,6,23,2,2020-03-28
8,4,5,8,7,8,8,5,4,3,7,9,5,7,3,6,3,6,6,9,4,4,6,7,80,4,2,2,4,2,5,1,9,2,6,4,13,128,11,19,15,14,3,7,51,52,10,26,2,2020-03-03
4,7,8,7,4,7,5,5,5,6,8,8,8,4,9,3,8,7,3,9,4,7,7,6,50,5,3,2,3,1,1,1,10,4,7,2,11,117,11,3,13,12,52,15,51,51,2,3,2,2020-03-20
8,5,7,5,4,8,7,7,5,6,4,9,3,5,7,8,6,5,8,6,6,4,8,9,50,2,4,5,4,2,3,1,7,1,7,2,16,122,11,9,14,2,2,1,51,57,5,8,2,2020-03-05
9,4,3,7,7,4,9,8,9,7,7,9,3,6,9,5,8,3,4,5,9,6,8,7,35,4,6,5,2,2,4,2,4,2,8,4,9,115,11,7,15,14,52,12,2,51,7,22,2,2020-03-28
3,8,9,6,2,7,4,8,8,5,5,3,5,8,8,5,9,5,7,8,7,9,7,3,80,2,4,2,5,2,3,1,5,3,1,2,13,107,11,5,5,10,51,8,51,55,2,28,1,2020-03-24
6,4,8,6,5,6,5,7,5,5,4,6,9,8,7,6,7,8,8,4,5,7,6,7,18,2,1,7,5,2,4,1,3,3,5,8,16,108,10,12,7,15,3,7,3,2,7,25,2,2020-03-30
8,6,6,7,9,6,3,4,8,6,5,5,6,8,8,4,4,6,5,6,9,9,3,5,35,6,4,6,3,1,1,2,6,2,6,5,14,134,11,13,2,12,52,3,2,57,7,19,3,2020-03-25
7,8,8,5,3,4,6,3,7,7,6,8,7,8,3,7,4,7,5,3,4,3,6,7,18,5,3,7,7,2,3,1,3,4,6,2,10,114,11,18,13,15,3,12,51,55,8,5,3,2020-03-24
5,8,6,4,6,4,8,9,4,8,9,9,9,8,7,8,6,5,6,7,8,8,8,8,50,2,6,6,2,1,5,1,8,4,3,5,16,133,11,14,19,6,51,4,51,2,2,27,2,2020-03-20
9,8,4,4,4,6,6,5,3,4,3,6,4,6,4,4,8,7,7,4,5,6,4,5,50,5,3,7,5,2,1,1,5,1,6,2,10,109,9,16,14,10,3,5,51,55,5,8,3,2020-03-06
8,4,6,8,5,5,4,8,4,7,8,4,6,9,8,7,7,6,8,7,5,8,8,9,35,5,6,1,4,1,3,2,7,4,3,3,15,107,1,7,12,3,51,8,1,54,8,7,2,2020-03-09
4,6,8,9,3,8,4,6,6,6,6,8,8,7,7,6,9,7,6,7,4,5,5,8,50,5,5,2,4,2,4,2,8,3,3,3,9,132,1,9,10,4,3,5,51,2,2,29,2,2020-03-29
6,9,7,5,4,5,5,5,6,5,5,3,5,9,5,6,6,4,5,8,8,9,9,5,35,3,5,7,3,1,3,2,6,3,1,9,13,113,1,14,4,11,2,1,3,56,8,27,1,2020-03-26
5,4,9,7,10,5,7,6,7,9,9,5,4,4,7,3,6,8,3,6,6,4,7,6,80,3,3,7,4,1,3,1,6,1,6,6,16,109,11,10,14,6,52,7,51,51,4,18,2,2020-03-19
3,6,5,9,10,3,6,7,7,8,9,4,8,7,4,8,5,7,4,3,9,8,4,9,35,2,5,7,4,2,3,1,9,3,5,5,10,122,10,13,9,12,3,9,52,55,1,26,2,2020-03-04
4,5,4,4,8,6,9,5,6,5,6,9,6,8,4,8,5,7,8,5,7,7,8,4,18,4,5,1,3,2,3,2,5,2,9,8,10,131,10,8,11,6,3,14,3,56,5,18,3,2020-03-24
7,4,9,7,4,7,6,6,4,4,3,8,6,3,8,5,8,8,3,7,6,8,9,6,35,3,2,7,3,1,5,1,7,2,7,9,11,133,1,18,13,14,2,14,2,3,8,11,2,2020-03-04
5,4,7,7,3,8,5,3,3,8,4,4,4,6,7,6,5,7,6,4,6,8,8,4,18,2,3,5,7,2,3,2,5,4,8,10,1,115,11,3,9,17,1,4,2,51,5,21,1,2020-03-03
6,7,8,8,3,8,6,9,5,7,9,5,6,7,5,5,6,5,4,7,7,3,5,7,50,1,5,5,3,1,5,1,2,2,9,5,15,123,9,3,4,13,51,12,51,2,2,8,2,2020-03-23
9,7,5,6,7,9,4,4,7,4,5,8,5,4,3,6,4,4,6,7,7,6,7,8,80,4,1,6,5,2,4,2,8,3,6,2,17,119,11,10,11,2,2,12,52,3,8,4,2,2020-03-14
5,5,7,4,8,7,6,8,5,5,7,6,7,6,4,8,8,8,3,9,3,7,8,6,35,6,2,3,2,1,4,2,10,3,6,4,14,115,1,13,15,1,51,2,1,57,6,4,1,2020-03-28
4,8,6,4,4,9,8,5,5,4,7,5,8,5,9,4,7,7,5,3,4,7,5,9,60,5,3,3,7,2,1,2,5,1,3,5,12,118,11,1,9,18,1,14,3,55,2,8,2,2020-03-03
5,9,9,4,2,4,4,5,5,6,7,5,3,4,4,5,8,9,9,8,6,8,7,7,60,5,6,2,3,1,3,1,11,4,6,8,15,121,11,8,13,17,3,2,1,3,6,23,1,2020-03-01
4,4,6,6,6,5,7,7,4,5,5,7,8,7,3,8,3,7,6,5,4,5,9,4,60,4,2,2,5,1,5,1,6,4,9,3,1,123,10,18,10,14,51,6,3,56,7,7,2,2020-03-20
3,6,9,7,8,7,6,5,5,3,7,9,6,7,8,4,7,9,8,6,5,7,3,6,50,1,2,6,1,2,1,2,2,2,8,6,14,118,9,14,9,4,51,2,3,51,4,8,1,2020-03-06
6,4,9,5,7,8,8,7,5,5,7,8,9,4,4,6,5,8,8,5,9,7,7,4,80,6,2,1,6,2,3,2,9,4,7,9,13,127,10,15,18,11,3,6,51,56,7,12,3,2020-03-24
8,8,7,4,6,7,4,5,5,8,7,7,5,5,5,6,8,8,4,5,7,9,7,8,50,4,6,1,3,2,5,2,8,1,6,8,17,106,11,12,16,11,2,14,51,3,2,22,2,2020-03-25
3,5,5,9,5,8,5,6,7,5,6,4,6,4,5,9,4,6,3,7,6,4,7,8,50,4,6,2,4,1,4,1,5,3,4,6,15,112,9,14,1,10,2,2,52,55,2,5,1,2020-03-30
9,4,4,9,8,7,3,5,8,9,3,6,5,7,3,5,6,5,6,6,8,6,9,5,35,2,4,5,5,2,3,1,5,1,7,7,16,131,9,20,2,5,1,13,51,56,10,14,2,2020-03-25
4,4,8,3,4,6,6,8,4,5,5,8,5,8,8,4,8,4,8,4,4,6,4,5,60,4,6,5,3,2,1,1,2,2,4,8,13,121,10,13,2,17,3,14,51,58,8,24,2,2020-03-02
4,3,4,4,4,5,5,7,3,9,3,3,9,7,7,6,4,6,6,6,5,5,6,9,35,4,2,3,5,1,1,2,2,2,4,2,13,132,9,7,5,4,51,4,3,56,8,26,2,2020-03-10
5,8,4,4,6,5,6,6,9,7,7,8,4,7,5,9,6,3,5,3,8,8,3,3,80,5,5,5,4,1,4,2,7,4,6,10,13,123,11,7,5,3,2,11,51,3,5,13,2,2020-03-15
6,7,4,8,4,4,5,4,5,9,8,8,5,6,4,7,6,5,7,5,8,3,6,4,60,5,1,5,7,2,4,1,4,2,8,10,13,117,9,19,9,2,52,3,51,52,2,9,1,2020-03-16
6,5,5,4,3,5,4,5,7,6,6,6,5,5,5,3,8,6,4,7,7,7,8,8,35,4,3,1,2,1,4,2,7,3,7,4,15,111,9,7,15,8,2,14,2,58,2,24,2,2020-03-12
7,8,9,7,2,8,6,8,8,8,4,6,4,7,3,9,4,3,9,9,7,9,3,9,50,2,2,3,4,1,4,1,6,2,6,6,14,129,10,10,4,11,1,5,51,57,3,16,2,2020-03-22
4,8,9,9,3,8,4,8,5,3,5,4,7,3,9,4,9,7,4,7,9,3,5,5,60,2,4,4,4,1,1,1,3,3,7,6,16,131,9,8,10,3,1,10,51,51,3,4,1,2020-03-05
3,7,9,8,4,8,8,7,6,7,3,3,8,7,6,5,8,5,7,4,4,7,6,3,80,6,3,3,2,1,5,2,8,3,8,9,9,133,11,6,11,12,2,14,51,54,6,24,1,2020-03-07
8,3,9,5,7,8,9,8,8,6,9,7,8,8,8,6,7,6,7,8,5,5,7,5,80,5,1,5,6,1,1,1,5,2,7,5,13,113,11,7,10,6,2,7,51,52,3,10,2,2020-03-26
6,8,6,4,7,8,8,4,8,7,7,5,7,7,8,7,4,5,3,4,4,8,6,4,80,5,4,7,4,2,4,2,7,3,5,6,13,130,1,10,10,16,2,14,51,3,6,16,3,2020-03-19
4,8,9,4,10,5,3,5,4,7,8,6,7,4,7,9,6,4,7,8,4,6,7,8,80,6,4,2,7,2,4,1,3,4,9,8,17,117,1,7,15,18,51,2,2,54,4,26,3,2020-03-09
4,5,10,4,7,5,6,5,7,5,8,4,8,8,4,3,4,8,8,4,6,5,6,4,35,6,5,2,5,1,4,1,2,1,9,10,1,106,9,8,7,20,3,11,3,51,4,13,2,2020-03-11
9,8,3,5,6,5,8,8,4,6,4,9,3,4,7,3,5,7,9,6,3,5,3,4,80,4,5,4,2,2,1,2,3,2,10,6,12,115,11,4,3,4,3,5,52,2,7,3,2,2020-03-07
4,8,5,4,10,3,5,6,7,9,7,7,5,7,7,5,9,3,3,4,3,6,4,7,18,3,3,1,1,1,3,2,7,2,8,10,12,115,11,14,9,16,3,6,1,52,4,19,2,2020-03-24
9,9,8,3,8,3,8,9,6,8,6,5,5,4,5,9,8,6,6,5,6,6,7,8,50,5,2,3,1,2,5,2,8,2,2,4,13,114,10,6,16,2,1,12,3,57,10,25,2,2020-03-30
6,6,9,6,8,4,9,6,9,3,4,5,8,4,9,8,5,6,6,8,4,5,6,7,18,5,5,6,6,2,3,1,1,1,5,4,9,123,11,7,4,20,51,1,51,51,5,20,2,2020-03-08
4,9,3,4,8,3,7,3,4,4,5,5,6,7,8,4,6,7,4,5,5,6,4,5,60,4,2,5,7,1,4,1,9,2,3,9,1,118,1,16,10,3,2,4,2,54,7,17,1,2020-03-03
4,9,8,3,6,3,6,4,7,3,3,3,8,8,7,4,6,6,6,6,4,4,7,8,80,2,3,4,3,1,3,2,4,3,4,9,11,123,1,4,4,11,1,10,2,2,8,13,3,2020-03-13
8,4,4,9,3,8,7,5,8,7,6,3,3,9,7,4,8,6,4,5,3,6,5,8,18,3,2,5,7,1,3,2,11,2,10,1,11,106,10,3,13,3,1,4,2,54,5,30,2,2020-03-13
5,6,8,8,9,8,5,7,5,8,8,8,6,4,9,7,7,8,4,4,7,6,3,7,50,3,4,6,6,1,1,1,4,2,6,5,12,107,11,3,19,13,2,7,51,56,5,29,1,2020-03-06
5,5,4,9,3,7,4,3,5,5,6,3,6,7,8,3,3,6,4,8,7,8,8,8,60,1,2,4,2,1,3,2,7,3,6,7,12,128,10,11,13,14,51,13,3,58,10,13,1,2020-03-22
5,4,7,8,5,9,8,4,4,5,9,7,9,4,3,5,6,4,7,7,3,4,8,7,18,3,1,2,3,2,1,2,4,2,7,3,14,130,10,17,16,16,1,13,3,51,10,18,1,2020-03-17
7,8,7,3,8,8,8,6,7,6,7,8,8,4,3,6,5,5,9,7,7,9,7,5,50,2,2,2,3,2,1,2,3,4,2,1,9,130,10,4,2,9,2,6,2,3,10,23,2,2020-03-02
7,5,4,9,9,7,7,4,7,4,5,7,5,8,5,5,5,6,7,7,5,3,8,6,60,3,3,4,4,2,4,1,6,3,7,10,17,111,9,9,10,8,3,14,51,55,7,13,2,2020-03-15
9,5,7,6,8,5,4,3,6,8,4,9,9,4,4,3,7,4,9,6,6,8,3,3,80,6,4,3,6,1,4,1,3,2,10,7,14,128,10,18,10,5,2,3,2,57,4,21,2,2020-03-17
8,4,4,6,7,5,8,6,3,9,8,4,3,3,9,4,6,6,6,8,6,4,7,7,80,1,4,3,4,2,1,2,9,3,5,3,13,117,1,16,4,8,51,7,51,3,5,14,2,2020-03-30
5,4,3,4,3,6,8,5,8,5,3,5,7,9,4,5,6,7,3,5,8,6,7,4,35,2,3,5,5,1,3,1,8,2,9,5,16,123,9,9,13,8,3,4,1,57,9,20,2,2020-03-04
4,8,5,7,9,9,4,9,4,6,6,6,8,3,9,3,8,5,8,4,4,5,5,7,80,5,5,2,2,2,1,1,5,2,6,2,13,125,10,5,12,14,2,2,2,51,3,1,1,2020-03-26
4,6,8,6,9,4,7,5,3,9,5,5,8,7,8,3,5,5,4,6,5,8,6,6,18,6,3,5,3,2,4,2,3,1,6,3,14,123,10,19,4,7,52,11,51,3,6,4,2,2020-03-10
8,8,6,5,4,6,6,7,7,5,9,5,6,5,3,9,4,6,8,4,6,8,6,7,18,4,3,3,6,1,4,1,2,2,4,8,12,125,10,15,15,2,51,7,2,55,10,14,2,2020-03-21
8,5,10,6,4,9,4,7,7,4,8,6,8,5,4,7,4,8,4,6,9,5,9,6,60,1,1,4,5,2,3,1,9,3,5,5,12,113,11,1,12,15,51,12,52,56,6,14,2,2020-03-25
5,8,6,5,4,3,5,5,4,8,7,4,3,9,4,8,6,4,6,8,6,7,6,7,80,4,3,7,7,1,3,2,8,4,8,3,15,116,1,12,20,15,1,2,51,2,10,20,2,2020-03-11
7,6,8,3,7,7,3,8,8,3,8,4,4,4,5,3,9,6,7,6,6,6,5,8,60,4,1,5,1,1,4,2,2,3,7,6,17,130,11,13,8,15,3,6,3,3,6,5,3,2020-03-04
7,7,6,4,7,7,7,6,8,6,3,6,8,7,9,6,7,5,4,5,3,4,5,9,80,5,5,4,1,2,1,2,5,1,9,7,13,109,11,10,8,4,51,10,1,51,3,5,3,2020-03-27
3,4,9,7,4,5,3,7,8,4,8,4,3,5,4,4,5,4,7,9,4,6,8,8,35,6,3,4,4,1,3,1,4,3,7,4,15,121,11,15,5,11,3,14,52,51,1,9,2,2020-03-20
7,8,5,5,4,8,8,5,6,5,7,6,4,9,9,5,5,9,4,7,9,5,5,5,35,6,3,2,4,1,3,2,5,3,5,2,16,109,10,19,20,14,3,8,2,52,10,21,2,2020-03-24
8,4,4,4,6,9,9,5,6,4,5,3,5,9,8,6,6,3,6,3,7,6,7,3,18,3,3,5,4,1,3,1,7,1,3,8,12,113,10,16,16,4,1,8,3,57,1,6,1,2020-03-22
8,9,6,5,2,5,8,6,6,8,7,6,3,8,4,7,6,3,6,7,4,8,7,7,80,2,6,3,6,1,5,1,11,3,3,5,17,119,9,17,18,4,52,2,2,54,2,21,2,2020-03-18
4,4,6,5,2,9,6,8,5,6,9,5,4,8,9,5,5,9,5,6,6,9,7,5,35,2,5,4,5,2,5,2,7,3,1,3,17,115,1,6,15,4,1,1,1,52,7,22,2,2020-03-02
3,6,4,5,10,8,6,8,7,5,9,7,4,7,8,4,6,7,5,8,7,8,3,7,80,5,3,1,7,2,1,1,5,2,9,2,12,114,9,12,17,12,2,11,2,56,6,16,3,2020-03-26
3,4,8,8,7,8,6,4,6,5,7,9,4,5,7,8,7,8,5,7,5,5,6,4,60,3,4,5,6,1,4,2,7,2,4,7,13,126,10,1,5,15,51,7,2,54,9,16,2,2020-03-06
4,6,4,5,3,6,3,9,8,4,4,6,8,5,3,4,4,7,6,3,5,7,7,7,50,5,3,1,7,1,3,2,7,2,6,10,11,127,10,10,12,20,3,13,52,52,6,14,2,2020-03-04
9,8,5,3,7,4,7,5,8,7,5,4,8,8,7,4,4,9,8,3,8,4,4,3,18,4,2,1,4,1,3,2,4,3,9,6,10,121,9,16,17,14,51,6,3,57,2,18,2,2020-03-17
5,8,7,7,5,5,8,9,9,7,7,4,7,3,8,6,5,5,7,6,8,6,8,7,80,3,2,2,6,2,1,1,3,1,6,6,13,128,9,3,13,2,3,14,3,55,5,24,2,2020-03-09
9,3,9,4,8,8,6,5,7,9,6,3,8,6,5,7,4,6,8,7,4,3,3,8,80,2,2,7,7,1,5,1,2,1,8,8,14,114,11,16,3,10,51,15,52,55,7,9,1,2020-03-09
6,6,8,7,2,4,8,3,4,4,8,7,9,6,6,5,3,6,3,3,4,7,5,5,60,2,5,4,3,1,3,1,7,3,1,2,10,129,10,17,17,13,52,8,3,1,3,28,3,2020-03-21
4,3,7,7,9,5,7,3,4,7,6,4,7,4,7,8,8,6,9,3,7,4,7,4,60,2,2,4,6,2,5,1,2,3,7,9,13,121,10,7,3,16,52,13,3,56,3,5,2,2020-03-02
6,6,7,8,10,7,4,7,4,6,5,5,4,5,4,5,6,9,7,6,4,8,8,6,60,2,1,3,2,2,3,1,9,2,5,1,15,120,9,15,18,19,1,5,1,54,9,18,2,2020-03-11
4,5,8,5,8,5,7,8,3,6,4,3,5,5,9,9,7,4,9,7,6,8,5,3,18,1,3,4,5,1,4,2,5,3,4,1,16,119,10,16,5,1,51,4,3,52,6,12,2,2020-03-21
5,7,8,7,8,4,8,7,8,7,7,3,7,7,6,3,8,8,7,6,8,9,4,6,35,5,5,2,3,1,4,1,11,2,5,6,10,124,11,14,3,20,2,4,1,55,1,10,2,2020-03-12
6,3,9,5,4,7,6,6,6,5,6,7,4,8,7,5,5,5,6,8,4,7,5,4,60,4,6,4,6,2,4,1,8,3,5,4,15,124,10,6,14,11,3,10,2,3,7,3,2,2020-03-06
5,4,10,6,2,6,5,9,4,7,6,6,5,8,6,9,8,5,4,6,6,3,9,7,35,2,4,6,5,1,3,2,6,3,5,4,17,109,10,5,15,9,2,9,3,55,9,22,2,2020-03-08
6,8,6,4,10,8,8,4,4,5,6,9,7,7,4,6,7,4,4,4,4,4,5,8,35,4,6,3,4,1,3,1,11,3,7,8,13,122,9,17,4,5,3,15,3,51,6,4,1,2020-03-21
8,6,6,6,6,8,4,7,4,9,5,6,7,6,6,9,7,7,7,5,4,8,4,5,50,4,2,6,5,2,1,1,3,2,3,6,11,113,9,2,9,4,1,4,2,52,5,13,1,2020-03-19
4,8,8,3,2,5,8,6,4,8,7,8,5,4,9,8,5,5,5,6,8,7,4,9,50,4,5,3,3,2,3,1,2,3,4,4,1,107,10,6,9,7,2,5,3,57,9,2,2,2020-03-05
6,9,3,4,6,6,7,4,4,4,5,4,4,3,9,3,4,9,6,6,4,8,5,9,60,4,4,7,7,1,1,1,9,1,4,5,14,128,1,11,7,7,2,2,2,2,2,28,3,2020-03-17
8,7,10,6,4,4,4,8,5,7,4,6,4,7,7,6,5,3,9,4,6,5,8,7,18,2,5,4,3,1,3,1,4,3,2,1,15,127,11,18,4,5,51,10,52,3,2,2,3,2020-03-30
5,4,6,8,6,8,8,6,7,7,4,5,4,7,6,9,7,4,5,8,8,4,6,6,60,2,6,4,6,2,3,2,8,4,5,2,13,114,10,5,3,9,51,15,51,55,2,3,2,2020-03-08
4,4,9,7,8,3,3,9,9,4,4,6,8,7,7,8,6,5,6,7,5,3,6,5,60,3,4,2,3,2,4,2,9,1,1,5,10,129,11,2,13,14,1,8,2,3,4,15,3,2020-03-24
4,7,6,9,5,4,4,7,8,4,4,8,7,3,9,3,9,6,5,6,6,6,8,5,18,4,5,5,1,1,1,1,8,4,6,2,10,127,1,3,12,2,3,9,2,2,7,9,1,2020-03-12
4,6,6,5,9,3,6,6,8,9,5,4,6,3,8,5,9,4,9,3,7,8,8,9,35,1,4,3,6,2,1,1,2,3,10,8,1,132,11,8,11,8,3,7,51,51,8,9,1,2020-03-02
4,8,7,7,9,6,6,3,5,7,5,3,7,7,5,5,4,9,7,8,7,7,5,6,35,5,3,1,4,1,5,1,2,2,6,9,1,119,1,10,10,2,52,10,2,55,10,6,2,2020-03-29
4,8,7,9,3,6,6,7,8,6,8,5,7,5,9,8,5,9,7,8,9,3,4,8,35,5,4,4,2,2,5,1,6,3,2,5,15,125,11,16,14,10,3,10,51,52,4,8,2,2020-03-14
3,9,7,3,9,8,3,6,7,7,8,4,5,6,6,7,7,5,9,6,9,8,5,9,50,4,2,2,5,1,4,2,11,2,3,2,1,110,10,18,17,11,52,14,3,2,10,17,3,2020-03-26
9,5,4,4,9,9,6,8,7,6,8,4,6,7,5,5,4,3,5,7,8,5,3,8,60,6,6,4,3,2,4,1,2,2,2,8,10,130,10,18,4,14,51,5,1,55,6,25,1,2020-03-20
5,9,8,7,3,6,8,6,6,7,3,3,6,6,5,4,6,4,6,5,5,7,5,5,60,2,5,2,5,2,5,2,4,3,3,2,9,131,10,1,5,16,52,13,3,3,10,6,3,2020-03-11
7,5,8,6,3,4,3,5,5,6,8,7,6,8,8,6,4,4,5,4,3,8,6,5,35,2,1,3,4,2,3,1,7,4,10,10,11,127,9,15,19,18,51,4,51,58,4,3,2,2020-03-06
5,6,3,9,3,8,5,6,6,6,5,9,8,6,3,7,4,4,6,6,7,6,7,3,18,3,2,4,4,2,4,2,5,2,6,7,10,129,9,8,16,20,3,14,3,2,4,17,2,2020-03-26
8,6,5,9,7,3,8,9,6,8,8,8,8,7,3,8,4,4,7,7,4,7,9,6,50,3,6,5,4,1,4,2,4,3,4,4,1,120,11,12,10,14,3,12,3,1,9,19,2,2020-03-24
6,4,4,3,3,7,8,8,6,9,8,6,7,7,8,8,8,6,6,7,7,5,3,8,50,3,6,5,5,2,4,1,1,4,1,4,15,134,1,14,16,13,2,6,1,54,2,24,2,2020-03-27
5,5,7,5,6,4,5,5,6,5,8,8,8,5,8,3,4,8,9,3,7,5,8,3,60,6,6,5,7,2,4,2,5,1,3,9,13,111,11,5,9,14,51,12,3,1,1,9,3,2020-03-21
8,7,5,3,4,7,3,8,7,5,9,6,7,8,5,7,9,7,4,6,5,8,8,8,50,3,2,6,4,2,1,1,8,2,9,8,14,111,11,3,4,3,52,14,51,55,7,3,1,2020-03-14
4,6,4,8,7,7,5,5,9,7,6,8,7,6,6,4,6,7,7,6,8,9,4,6,35,4,3,3,7,2,1,1,9,3,5,4,10,112,11,5,6,6,51,7,3,51,7,18,3,2020-03-11
5,4,7,8,5,8,4,5,4,3,7,6,8,5,6,5,8,9,8,7,8,7,9,8,35,5,2,2,3,2,3,2,10,3,8,6,11,111,9,9,10,7,2,10,3,56,2,24,3,2020-03-15
7,5,7,6,7,4,9,4,8,4,7,8,4,6,4,8,4,7,6,8,8,6,6,7,35,3,3,3,2,1,3,2,8,3,10,7,15,107,11,4,18,19,52,7,1,2,2,8,2,2020-03-20
8,7,4,5,6,7,4,6,8,7,7,8,7,7,7,7,6,7,4,5,7,6,7,5,35,5,3,3,5,1,3,2,10,2,1,1,9,114,9,3,19,11,52,4,52,2,6,14,3,2020-03-06
5,8,8,4,8,4,7,3,6,4,8,3,4,4,8,8,8,5,4,5,5,4,7,6,50,2,2,6,7,1,3,2,10,1,5,6,10,111,11,11,14,9,2,12,1,55,3,14,2,2020-03-02
7,4,10,5,7,3,4,3,4,5,5,7,5,8,5,8,4,3,6,9,8,8,6,8,50,3,2,4,4,1,1,1,10,1,3,4,14,109,10,2,10,10,51,2,51,58,4,6,2,2020-03-19
8,7,8,8,4,6,9,9,7,6,6,3,5,8,8,7,4,3,4,4,8,3,5,8,60,3,5,5,2,1,4,1,8,3,8,8,14,108,9,19,11,17,51,14,2,51,10,2,3,2020-03-24
8,6,4,4,2,7,5,8,7,5,4,3,3,7,4,8,6,7,4,7,4,4,4,3,50,4,6,4,5,1,1,2,5,4,3,5,9,108,10,8,14,8,2,5,2,56,7,12,3,2020-03-19
3,9,4,4,10,8,8,5,9,9,8,5,6,3,4,7,9,6,9,5,3,5,8,5,80,5,3,5,6,2,3,2,4,2,4,2,10,108,10,11,16,10,51,13,1,58,6,8,1,2020-03-28
8,4,5,5,5,5,4,4,7,3,6,6,6,6,5,3,3,8,6,3,5,5,6,4,35,2,2,4,4,2,1,1,4,4,2,3,15,132,1,10,5,16,3,4,1,52,5,26,1,2020-03-16
6,5,9,7,7,3,5,6,5,9,4,8,8,7,6,7,4,7,5,6,6,3,4,9,35,4,2,3,3,2,3,2,6,4,6,3,13,111,10,4,9,15,2,10,2,1,2,11,2,2020-03-06
5,5,3,7,10,4,7,7,4,4,8,7,8,6,5,6,5,3,7,6,4,7,3,4,60,6,4,5,2,1,5,2,5,2,9,7,13,106,9,4,16,5,51,14,2,56,9,25,2,2020-03-18
7,3,4,5,2,4,6,8,4,7,8,4,8,4,3,7,6,4,3,9,8,4,7,8,80,3,3,2,6,1,4,2,5,3,5,5,11,128,10,18,16,12,2,7,2,57,9,8,1,2020-03-16
5,8,4,6,7,6,6,8,8,4,5,5,4,8,5,6,4,6,3,8,5,9,8,5,50,5,5,6,2,2,1,1,11,2,5,8,15,111,10,11,7,6,2,13,2,2,2,4,3,2020-03-01
7,7,5,7,4,5,6,9,6,9,9,6,9,7,9,9,5,9,3,4,8,8,8,6,50,4,2,3,2,1,3,2,10,2,9,5,12,108,9,13,18,12,3,7,51,1,8,19,2,2020-03-17
4,4,10,8,8,4,4,6,4,9,6,4,9,6,6,7,6,4,7,4,6,4,8,4,80,3,5,6,6,2,5,2,9,1,6,1,13,125,10,13,9,3,1,8,1,55,5,16,2,2020-03-29
6,7,8,5,7,5,5,7,4,6,7,6,8,5,7,6,6,4,5,6,3,4,6,7,50,5,1,6,5,1,1,1,8,1,5,8,12,133,11,6,18,10,51,4,3,55,3,20,3,2020-03-11
7,7,6,6,5,9,6,7,7,5,9,4,7,5,4,8,6,4,8,6,6,4,6,4,60,2,1,4,6,2,4,2,2,1,7,3,16,133,1,16,15,13,52,10,2,2,8,2,2,2020-03-26
5,7,6,4,6,7,6,9,7,9,7,5,6,7,4,5,6,7,6,8,6,6,6,4,35,2,5,5,6,1,4,1,10,3,2,6,13,121,9,12,1,6,2,13,3,55,2,16,1,2020-03-25
8,4,9,7,5,8,4,6,5,6,6,6,4,8,6,7,9,5,7,9,4,7,5,5,18,2,2,2,6,1,3,1,4,4,3,4,11,130,11,3,10,7,2,5,2,55,2,23,3,2020-03-29
9,4,4,6,4,4,9,4,7,7,5,8,3,6,7,4,7,5,5,9,4,7,7,8,18,5,4,3,5,2,4,2,9,2,5,6,11,106,10,1,2,20,51,12,1,54,5,6,3,2020-03-07
8,5,4,8,8,6,7,5,5,9,4,7,9,5,5,5,3,7,5,9,9,8,5,8,50,4,5,3,5,2,3,2,4,2,9,3,12,133,9,9,9,18,52,4,3,57,9,18,1,2020-03-15
9,4,5,9,10,6,7,3,5,8,8,7,7,9,7,4,5,8,4,5,7,6,8,4,60,5,6,6,4,1,3,1,2,4,9,4,15,108,10,11,4,6,51,1,3,52,4,27,3,2020-03-02
8,4,5,8,7,4,4,6,7,9,4,4,6,5,6,3,4,8,8,3,5,7,5,4,60,2,5,7,1,2,1,1,2,3,4,8,15,120,10,19,16,5,2,4,51,3,8,18,2,2020-03-22
5,6,9,8,7,7,5,4,9,9,7,4,6,8,9,5,4,9,4,4,6,8,5,9,60,5,6,3,6,2,3,1,4,3,4,3,12,125,1,19,7,5,51,7,2,2,5,8,1,2020-03-21
6,3,3,9,4,8,4,3,6,4,6,4,6,6,7,8,7,5,6,3,6,9,8,3,35,2,2,5,1,2,4,1,8,3,5,3,13,109,10,5,13,3,3,9,3,57,5,9,1,2020-03-11
3,5,6,8,9,6,6,6,8,6,7,8,7,5,4,6,5,7,5,6,4,7,7,4,80,2,5,7,3,2,3,2,10,3,9,2,14,109,10,7,17,9,3,8,2,51,8,7,2,2020-03-10
5,4,5,7,6,6,5,9,8,5,9,4,6,7,8,6,7,8,4,9,6,5,8,5,60,3,4,6,6,1,1,2,6,2,7,2,13,122,10,18,12,13,3,3,3,2,3,30,1,2020-03-01
5,8,3,6,9,5,5,5,6,8,4,4,7,7,6,8,5,7,8,7,6,7,6,8,18,4,5,2,2,2,4,2,5,2,9,3,17,127,9,2,14,13,2,6,51,56,5,23,2,2020-03-13
7,8,5,8,9,6,4,5,5,3,8,4,8,6,6,4,6,6,5,6,8,4,7,5,50,3,4,4,2,1,4,1,5,1,3,9,16,116,1,7,8,6,51,2,3,3,3,5,2,2020-03-17
4,8,9,9,7,7,8,6,8,8,6,4,6,9,6,6,7,7,4,9,6,8,6,5,60,4,6,4,6,1,1,1,9,2,8,9,1,111,1,1,12,13,2,4,3,51,2,13,2,2020-03-24
6,3,4,4,3,9,6,4,8,8,6,3,4,5,8,5,7,4,5,6,9,4,8,7,60,3,3,5,7,2,4,1,10,3,10,4,10,108,10,9,9,1,3,5,51,55,3,2,2,2020-03-09
4,5,6,6,4,8,5,8,8,5,3,8,6,6,4,4,8,4,7,9,4,9,9,4,35,2,1,4,5,1,4,2,9,3,2,6,14,117,9,13,10,4,3,1,2,51,7,17,2,2020-03-07
7,6,6,8,9,7,7,4,9,7,3,5,8,9,6,5,3,7,8,7,7,7,8,4,60,4,3,6,7,1,4,1,5,3,5,7,11,120,10,4,3,9,3,9,3,2,2,20,1,2020-03-16
3,8,4,5,6,7,6,8,8,7,8,3,9,8,7,9,9,5,9,6,3,5,4,9,50,2,3,4,2,1,1,2,4,1,6,6,16,116,1,5,15,4,3,1,2,3,2,12,1,2020-03-10
7,6,9,4,7,5,3,6,7,6,7,6,7,4,5,6,3,6,4,8,7,5,3,6,60,5,5,7,6,2,4,2,7,3,4,5,13,130,11,13,18,5,51,2,2,3,7,2,2,2020-03-30
6,8,8,5,5,4,5,8,4,6,3,7,4,5,5,4,7,7,9,6,4,5,7,6,35,3,4,2,4,2,4,2,4,2,6,3,15,117,1,3,19,4,3,9,51,52,3,8,1,2020-03-11
5,8,7,6,2,4,4,6,8,4,4,9,6,6,8,8,6,4,6,6,4,8,6,4,60,5,4,5,6,2,3,2,8,3,5,5,10,117,1,9,17,6,3,14,3,54,2,2,2,2020-03-01
7,8,4,8,8,7,5,3,6,5,3,9,4,5,4,8,5,9,8,4,8,4,6,9,35,4,3,2,5,1,3,1,4,3,6,8,16,126,10,19,4,19,52,6,1,1,6,18,2,2020-03-28
5,5,5,7,5,6,4,5,5,4,8,8,6,8,4,9,6,9,8,5,7,7,9,5,18,3,1,4,6,2,5,1,9,2,5,5,15,133,10,12,12,5,52,9,3,51,1,3,1,2020-03-16
5,5,8,6,8,5,8,6,8,8,7,7,6,7,6,6,5,9,5,7,6,6,4,4,18,4,4,5,3,1,1,1,4,1,2,4,13,121,11,8,10,15,2,7,51,54,3,6,3,2020-03-10
6,8,8,7,9,7,8,4,3,4,8,6,6,6,4,8,9,4,5,9,5,6,4,9,35,6,2,3,4,1,3,1,11,4,10,2,13,106,10,8,17,16,51,11,51,52,6,18,2,2020-03-16
3,9,10,9,8,8,9,3,8,4,8,4,6,6,8,7,5,5,6,4,4,8,5,6,50,3,5,2,7,2,1,1,8,2,3,9,14,118,11,18,16,12,2,14,3,3,6,3,1,2020-03-20
6,3,5,5,7,4,4,3,9,9,5,5,3,8,8,5,4,9,5,8,7,9,4,5,50,5,5,3,3,2,5,2,5,3,9,10,11,115,10,4,15,14,3,3,2,3,6,2,2,2020-03-12
5,8,3,5,8,3,5,6,8,8,8,6,8,6,6,5,6,4,8,4,6,6,3,5,18,4,5,6,2,1,4,1,11,1,4,10,16,116,9,17,8,13,51,6,51,57,7,10,3,2020-03-02
4,7,6,6,3,3,5,9,9,7,4,4,8,4,7,8,4,4,5,7,4,8,5,4,50,2,5,2,2,2,3,2,7,2,3,6,1,132,11,12,5,16,3,9,2,58,1,21,2,2020-03-14
6,7,7,6,7,5,7,9,8,8,7,7,4,6,4,7,5,7,9,4,6,6,5,3,18,2,4,2,4,2,4,2,5,2,4,3,1,115,11,12,11,11,1,11,2,52,3,2,2,2020-03-08
6,8,10,4,8,8,8,5,7,8,5,7,8,8,6,7,4,4,7,4,5,8,9,4,60,4,5,5,6,1,4,1,1,2,7,9,1,1,1,12,1,4,51,14,1,2,3,22,2,2020-03-26
6,9,5,5,9,5,5,5,5,8,8,7,8,6,6,6,3,9,9,4,4,9,6,4,80,4,1,3,3,2,5,1,2,1,10,4,14,131,10,2,7,12,1,13,2,55,9,29,3,2020-03-11
9,3,9,8,7,6,8,7,5,6,9,5,7,3,7,3,9,4,6,5,7,5,7,6,60,2,3,1,5,2,4,2,6,2,5,5,10,108,9,8,3,10,2,6,3,55,2,27,2,2020-03-24
3,5,10,3,3,3,7,8,7,3,9,8,5,6,3,4,8,8,8,6,3,7,3,5,50,5,3,5,7,2,4,1,3,2,5,2,11,133,10,7,14,14,51,9,2,52,6,17,2,2020-03-15
4,5,7,4,7,6,5,8,3,5,6,6,3,4,4,9,8,9,9,7,9,8,8,6,80,5,3,5,6,1,3,1,10,3,10,2,11,124,10,8,5,17,2,13,52,55,2,29,2,2020-03-12
4,7,4,4,4,4,4,3,3,5,7,3,6,5,6,7,5,6,7,8,7,4,7,3,50,2,1,6,4,1,3,2,5,3,4,1,10,126,1,18,10,14,51,7,52,1,6,28,2,2020-03-21
8,6,8,7,6,9,8,8,3,6,6,8,4,7,4,7,8,7,5,8,3,8,8,4,35,5,3,6,2,1,5,1,11,3,7,10,17,120,10,11,5,2,3,7,3,54,7,2,1,2020-03-23
8,7,9,4,7,8,8,6,5,8,8,8,7,5,6,7,4,6,6,9,6,5,7,7,35,3,4,4,3,1,5,1,11,1,3,9,13,112,10,5,6,5,51,2,2,51,4,10,3,2020-03-14
8,6,8,5,2,7,4,8,6,7,6,9,6,4,5,6,4,9,3,4,5,8,6,7,80,5,5,5,7,2,5,2,5,2,5,5,14,125,9,7,7,8,52,13,3,55,7,30,3,2020-03-13
8,4,7,6,7,3,6,9,9,5,4,5,6,8,6,4,8,6,6,5,7,7,8,7,50,2,2,7,3,1,3,2,3,4,4,7,16,128,9,14,4,17,3,1,3,52,1,5,2,2020-03-16
6,8,3,7,5,6,7,8,9,6,4,5,5,8,7,4,9,4,4,7,9,4,6,4,18,2,4,4,3,1,1,2,8,2,2,2,16,113,10,5,3,19,3,11,51,54,2,22,2,2020-03-23
3,8,5,5,5,5,3,6,7,3,6,9,5,6,5,5,6,8,8,9,8,5,6,8,35,3,5,6,6,2,1,2,3,1,3,9,11,114,11,7,16,9,51,3,52,1,5,4,1,2020-03-20
4,4,10,4,4,3,3,6,5,5,4,8,4,7,5,5,6,4,5,7,4,8,9,6,35,4,6,6,2,2,3,1,1,1,9,9,16,106,1,8,14,6,3,6,51,52,1,10,2,2020-03-24
9,8,10,9,3,6,4,6,7,3,8,7,4,9,9,7,4,6,6,6,3,4,8,4,18,2,1,6,1,2,3,1,8,3,6,6,15,1,10,17,6,13,51,11,2,52,8,3,3,2020-03-10
9,5,9,8,9,8,8,6,3,8,4,4,6,6,8,6,7,4,4,5,5,5,4,5,50,3,3,2,1,1,3,1,6,1,4,3,15,127,10,15,10,13,51,12,51,54,7,23,3,2020-03-18
8,7,7,9,7,7,4,9,9,8,6,5,8,6,7,5,6,7,5,8,4,6,8,4,60,5,6,4,1,1,1,2,4,4,5,2,14,114,10,12,5,16,2,2,3,52,5,24,2,2020-03-11
8,3,9,4,6,4,3,8,3,5,6,8,5,5,4,4,6,7,4,6,8,4,6,8,18,3,2,4,6,1,4,1,8,3,5,4,13,1,1,17,6,10,51,4,1,56,7,4,1,2020-03-19
7,4,7,9,5,8,7,7,5,7,4,8,8,5,8,8,6,6,7,6,8,9,4,3,18,5,2,2,5,1,1,1,4,3,1,3,12,129,10,7,14,12,1,9,52,56,3,29,2,2020-03-26
9,3,3,9,5,5,7,5,8,5,8,6,7,8,8,5,8,8,6,4,8,8,7,5,80,4,3,5,2,2,3,2,9,2,10,9,14,127,10,3,6,16,3,13,3,3,9,6,1,2020-03-27
5,6,7,4,2,6,6,5,9,9,6,6,6,5,9,9,8,7,6,5,4,6,6,7,35,6,1,2,6,2,4,2,8,2,2,10,16,113,10,15,15,10,51,5,51,52,9,10,2,2020-03-28
6,8,9,6,4,8,4,3,7,4,8,5,4,8,7,5,7,9,7,5,7,6,6,5,50,2,1,2,6,2,3,1,9,3,7,2,13,133,9,6,9,17,51,14,1,3,7,2,1,2020-03-09
7,4,5,7,3,6,5,5,6,8,3,8,7,3,3,4,3,8,5,6,6,4,8,6,50,2,4,6,2,1,1,1,1,3,4,1,16,112,9,5,4,6,52,14,2,56,6,21,1,2020-03-27
5,7,4,8,6,5,9,8,5,8,6,7,8,8,4,4,4,9,6,3,3,6,9,9,60,5,3,4,5,2,3,1,3,1,1,3,13,132,9,15,7,3,2,11,3,56,2,23,2,2020-03-07
7,4,3,3,5,4,8,3,6,8,6,4,6,6,8,8,5,7,5,7,6,7,3,4,35,3,5,2,7,1,4,2,4,2,7,2,14,132,1,1,9,16,51,7,52,1,8,28,2,2020-03-25
9,4,9,7,3,9,5,9,5,8,4,7,3,5,8,7,6,8,4,7,5,8,3,4,18,4,5,5,1,2,4,1,3,1,4,5,10,108,10,6,17,14,51,4,52,55,3,25,2,2020-03-24
5,8,6,6,2,6,8,5,3,8,9,8,8,3,4,6,4,6,4,7,6,5,4,6,50,2,2,6,2,1,5,1,10,4,4,10,10,128,10,3,5,6,1,8,1,56,7,5,2,2020-03-05
8,7,8,6,4,4,8,5,8,4,4,7,3,3,7,5,3,6,5,7,5,4,7,3,60,2,3,4,4,1,1,1,6,3,3,1,13,118,1,2,19,12,3,5,2,54,8,22,3,2020-03-13
7,7,4,7,4,8,6,7,7,3,6,8,3,4,3,3,6,8,8,9,6,6,6,6,35,2,4,5,6,2,4,1,6,1,2,2,10,107,9,5,3,17,3,8,51,58,9,17,3,2020-03-11
3,4,9,9,9,9,7,4,7,7,5,3,3,6,8,7,9,5,4,3,5,7,9,6,35,2,2,1,2,1,4,1,7,3,10,10,1,113,1,13,6,7,52,5,51,52,6,5,2,2020-03-19
3,7,7,3,7,8,6,6,6,4,7,8,9,6,3,5,6,4,5,9,4,8,6,9,50,5,3,2,5,1,3,2,5,2,9,5,12,115,10,17,20,5,1,2,51,55,5,12,1,2020-03-29
9,8,8,9,7,7,4,8,6,5,4,5,7,7,7,7,3,6,9,4,7,4,6,7,80,2,5,2,5,1,4,1,1,2,10,5,14,117,10,18,3,5,2,2,51,54,6,18,2,2020-03-20
6,9,8,9,3,5,8,5,7,6,4,8,4,4,7,8,4,9,7,4,8,6,8,7,50,2,2,2,7,1,4,1,9,2,4,7,13,122,11,12,12,7,51,5,51,54,10,8,2,2020-03-23
7,5,6,7,5,6,4,8,8,6,9,5,6,6,8,5,7,7,6,5,5,5,9,5,50,6,2,5,2,2,5,1,2,3,4,8,15,131,11,20,15,8,3,11,2,2,2,7,2,2020-03-06
3,6,4,7,4,8,8,8,8,8,8,4,6,7,7,7,3,8,5,7,3,5,7,3,60,2,5,4,6,2,3,1,2,1,3,4,12,107,10,18,10,7,2,7,51,55,3,23,2,2020-03-15
5,9,10,8,5,5,6,4,9,3,4,6,5,7,8,9,3,8,7,6,4,5,4,9,18,4,3,6,4,2,4,1,8,4,9,3,16,1,11,3,10,1,51,4,3,52,3,10,3,2020-03-09
3,7,9,5,10,4,7,9,8,8,7,7,5,8,9,6,3,9,8,7,9,6,8,7,35,6,4,3,3,2,5,2,2,1,4,9,16,129,10,18,8,16,1,5,2,55,7,24,3,2020-03-25
6,3,3,6,7,5,4,7,7,6,5,7,6,6,6,3,6,4,4,5,3,5,8,6,18,5,2,5,4,1,5,2,9,4,10,4,17,122,11,18,18,12,3,1,3,2,3,14,1,2020-03-19
9,7,8,6,10,6,5,9,9,6,7,8,6,6,6,6,5,4,4,7,7,6,9,6,50,5,5,7,3,2,5,1,5,4,9,8,13,128,11,15,15,10,2,14,52,56,4,7,3,2020-03-30
5,4,5,6,10,6,7,5,9,3,5,9,4,9,5,3,3,6,8,3,4,3,8,8,35,2,3,2,6,1,3,1,2,1,9,8,14,1,10,5,6,19,1,2,3,3,8,22,2,2020-03-13
8,6,3,6,4,7,7,7,6,7,3,8,6,6,5,7,7,3,5,7,7,4,6,3,50,5,4,6,6,1,5,2,10,3,7,5,9,115,1,13,5,10,51,1,52,52,9,9,3,2020-03-07
6,8,10,8,8,8,5,6,6,4,8,3,3,3,9,6,5,5,8,4,3,7,5,4,80,5,6,4,4,2,4,2,6,2,3,2,12,130,10,20,13,16,3,9,52,56,6,3,1,2020-03-27
6,4,3,9,3,8,6,9,6,5,3,4,8,3,6,6,5,8,3,7,4,7,5,9,60,2,4,1,1,2,4,1,2,2,9,7,10,122,1,13,9,2,51,3,1,3,9,19,2,2020-03-09
7,6,8,6,5,3,8,3,8,6,3,6,7,5,7,4,9,8,4,7,6,4,8,7,50,3,2,5,6,2,4,1,3,2,9,6,11,121,10,17,17,19,3,6,51,2,4,2,3,2020-03-21
3,7,4,5,2,8,5,8,4,3,7,5,4,5,7,8,7,4,6,3,4,8,4,4,50,4,3,4,7,2,4,2,10,2,7,4,17,133,1,3,5,4,1,12,51,56,4,3,2,2020-03-03
7,6,8,8,2,8,5,8,6,7,8,4,4,9,4,7,6,6,5,6,7,8,6,6,35,4,1,6,3,2,3,1,3,4,2,8,17,127,9,13,6,18,1,14,51,3,6,9,3,2020-03-28
4,8,4,4,9,8,7,3,4,6,7,8,4,8,9,6,7,4,7,6,4,7,8,9,18,5,2,4,5,2,4,1,8,2,7,5,9,116,9,10,6,2,51,2,2,3,8,23,2,2020-03-28
8,5,9,5,3,8,4,6,5,4,5,3,3,9,9,6,5,6,4,5,6,8,5,6,50,1,4,4,1,2,4,1,4,2,4,3,10,125,10,11,17,7,51,10,3,56,7,2,2,2020-03-12
8,8,7,9,5,5,9,9,3,4,7,5,4,5,3,9,9,4,8,7,6,6,7,6,35,3,1,3,3,2,3,1,8,3,8,2,11,108,1,2,18,7,52,7,52,54,7,14,1,2020-03-12
7,7,9,7,2,8,5,3,5,6,7,7,8,6,5,8,9,8,5,5,5,4,7,7,18,6,4,4,3,1,3,1,7,1,10,10,12,127,9,14,7,12,52,7,52,52,3,9,2,2020-03-17
4,6,9,7,6,4,6,5,4,7,6,5,9,7,4,4,8,5,6,6,5,3,4,4,80,3,1,5,2,2,4,1,2,3,5,3,9,1,9,14,19,8,2,14,3,57,4,24,2,2020-03-19
3,7,10,5,4,3,4,7,7,3,4,8,8,3,8,3,6,4,8,7,7,4,7,9,60,4,2,3,1,2,3,2,2,4,10,8,16,134,10,8,13,13,51,7,1,51,5,12,2,2020-03-10
6,7,3,5,6,6,4,9,4,5,8,4,8,3,9,7,7,5,7,5,4,8,8,5,35,2,3,7,2,1,4,1,2,3,3,4,13,128,9,19,7,13,51,2,2,56,10,15,1,2020-03-08
4,6,10,5,2,8,3,5,5,7,6,6,7,7,8,5,7,9,4,4,7,9,7,8,80,3,2,4,4,1,3,2,7,3,5,8,12,117,11,14,13,9,3,4,3,3,3,5,3,2020-03-03
8,4,8,8,4,8,7,6,8,4,6,8,6,3,4,5,6,7,3,6,6,9,7,6,50,4,3,4,4,1,4,1,4,3,3,7,14,119,9,4,5,12,1,4,51,2,5,9,3,2020-03-10
9,7,9,7,9,8,4,6,9,8,6,3,7,5,8,8,8,4,4,4,4,4,3,7,80,3,4,2,4,1,4,1,2,1,9,5,16,128,9,14,7,13,52,15,52,3,4,13,1,2020-03-17
7,7,6,4,3,3,3,6,7,8,7,3,9,4,5,8,4,4,6,9,4,3,6,9,18,6,6,7,5,2,4,1,1,2,8,9,9,109,10,9,9,10,2,11,52,57,3,25,2,2020-03-06
4,7,7,9,4,6,8,6,4,5,6,5,4,7,7,4,4,5,6,8,4,4,7,4,50,3,2,2,7,2,1,1,5,4,8,6,16,113,9,10,2,17,51,10,2,54,5,11,2,2020-03-08
5,6,7,5,4,7,7,6,3,6,9,6,5,8,7,4,7,7,4,8,7,3,8,6,60,1,2,7,5,1,4,2,10,4,9,5,14,111,11,13,4,3,3,14,51,56,5,30,3,2020-03-28
7,5,8,6,2,3,5,7,5,8,4,5,5,9,5,4,7,9,6,6,7,5,4,8,60,1,5,2,7,2,1,1,6,3,4,8,12,107,10,3,15,16,52,13,3,2,8,11,1,2020-03-14
6,3,6,6,3,3,8,8,8,5,8,4,5,8,7,9,9,5,6,4,5,8,9,8,35,2,4,4,5,2,3,1,5,3,3,9,11,130,11,14,10,13,2,12,2,51,2,15,1,2020-03-23
4,4,8,8,9,4,4,6,5,8,7,6,3,4,7,6,5,4,5,3,4,9,7,4,18,2,3,6,3,2,3,2,6,2,1,5,16,106,11,2,16,16,51,9,1,57,6,11,3,2020-03-19
8,7,7,3,2,4,8,5,8,8,8,5,9,5,7,5,5,8,4,6,7,3,6,7,35,5,4,2,6,1,1,1,11,2,9,2,13,119,1,3,16,17,3,4,1,51,5,8,3,2020-03-01
7,9,10,6,4,4,8,9,6,8,9,7,3,6,5,8,7,6,4,4,5,7,6,4,18,6,3,5,3,2,3,1,6,3,3,8,15,106,11,20,3,11,52,13,52,56,5,18,2,2020-03-19
4,7,3,7,9,5,4,4,5,8,3,7,8,7,6,4,7,7,7,7,5,7,8,4,60,2,3,3,6,2,4,2,8,2,7,6,15,132,10,6,11,15,52,4,51,1,8,13,3,2020-03-01
6,8,4,8,5,8,3,4,6,9,4,5,6,9,5,4,8,3,7,6,6,4,6,8,50,3,3,1,7,1,4,2,6,2,5,4,10,129,10,5,13,3,51,6,3,51,4,6,1,2020-03-23
5,9,4,5,7,6,6,5,6,6,9,8,6,5,6,9,3,4,8,8,5,7,9,9,18,6,2,2,3,2,4,2,9,1,5,9,11,119,9,3,8,13,51,12,52,56,9,29,3,2020-03-03
8,8,4,5,9,7,8,6,6,7,5,3,5,5,4,6,6,7,5,5,9,5,6,7,35,3,1,2,2,1,3,2,11,3,8,9,10,132,9,12,16,12,51,7,3,51,8,8,1,2020-03-18
5,8,4,6,4,6,8,8,5,5,3,7,7,8,8,7,8,7,8,3,8,6,7,5,35,4,6,4,1,1,3,2,8,1,2,8,17,115,1,6,10,4,52,15,52,56,9,29,1,2020-03-12
9,5,7,5,8,8,8,4,7,4,4,7,9,5,3,6,7,7,7,9,5,3,6,5,35,5,6,3,2,1,3,2,4,3,5,3,12,131,1,14,11,14,3,6,2,56,8,27,2,2020-03-22
8,3,8,6,10,7,8,3,4,4,8,6,5,5,4,6,5,6,7,7,4,7,5,5,50,4,3,4,3,2,4,1,8,4,2,10,13,122,9,7,3,13,1,7,52,52,1,11,2,2020-03-09
6,4,5,5,9,5,5,6,8,5,4,5,3,6,6,5,6,8,5,5,4,8,6,8,35,3,3,6,7,2,1,1,7,2,7,2,14,121,1,3,12,18,3,10,2,55,5,8,2,2020-03-09
5,8,9,9,9,3,4,7,7,8,9,7,4,6,7,5,4,7,9,4,7,6,6,8,50,4,2,6,2,2,1,1,9,2,7,3,16,118,10,4,18,16,2,10,3,2,7,27,2,2020-03-24
5,6,5,5,7,8,4,7,3,4,8,6,8,7,4,3,8,8,4,6,3,6,7,8,80,1,2,7,3,2,3,2,5,4,8,1,13,133,9,10,2,12,3,12,1,51,3,3,3,2020-03-03
8,4,6,6,5,9,5,7,7,4,5,8,5,6,5,7,4,5,5,3,6,9,8,8,50,4,5,7,2,1,3,2,1,2,6,9,16,109,10,12,14,5,2,7,1,56,8,14,2,2020-03-02
6,7,7,9,8,6,5,7,4,4,4,4,8,4,9,7,5,9,9,5,6,6,9,3,35,6,2,6,6,1,1,2,3,2,9,5,11,106,10,2,4,6,2,4,51,51,4,5,1,2020-03-08
4,4,4,5,2,6,6,5,3,4,8,5,7,6,7,4,7,6,9,5,4,8,8,7,50,2,4,7,2,2,3,2,4,4,8,6,1,124,9,10,12,16,3,3,52,3,9,15,2,2020-03-10
8,6,8,7,8,4,4,7,4,7,4,7,5,4,6,7,7,5,7,5,4,6,6,6,50,5,3,3,4,2,1,1,10,3,3,5,16,1,9,4,5,9,3,13,52,52,3,30,2,2020-03-01
9,4,7,7,5,5,6,8,5,4,5,3,9,4,5,6,4,4,6,7,5,5,4,5,35,4,4,4,4,2,1,2,5,2,2,5,16,110,10,3,14,14,51,7,1,55,8,5,2,2020-03-07
6,6,5,4,3,9,5,6,5,6,7,9,6,8,8,3,4,6,4,8,7,5,6,9,35,2,1,2,3,2,1,1,8,1,6,7,14,113,1,16,1,14,51,9,3,56,9,6,3,2020-03-28
4,4,4,8,8,9,8,7,3,6,4,5,8,8,3,7,8,6,5,6,5,6,6,8,18,1,5,2,6,2,5,2,6,1,5,9,16,111,11,9,4,17,51,12,3,2,4,8,2,2020-03-16
4,3,7,7,3,6,3,5,8,8,7,8,9,9,5,8,6,6,9,8,4,4,4,7,60,2,5,2,3,2,5,2,7,2,9,9,12,108,9,12,1,15,3,3,51,51,10,22,2,2020-03-16
7,8,7,4,6,4,4,4,4,4,8,6,8,6,7,4,8,8,7,8,9,9,4,6,60,2,2,3,6,2,5,1,11,1,8,6,15,113,10,18,12,19,2,4,51,3,5,10,2,2020-03-07
7,7,3,6,5,5,4,3,3,6,5,7,6,4,7,7,8,4,7,5,4,7,6,7,60,1,1,3,5,2,4,2,3,3,6,6,9,125,9,19,8,19,1,3,2,2,4,19,2,2020-03-05
7,5,4,9,2,4,5,9,9,4,5,4,4,6,8,8,7,9,9,5,8,8,7,6,60,3,6,2,4,2,5,1,2,3,2,4,9,126,9,19,13,11,2,10,3,58,8,6,2,2020-03-25
5,6,5,4,7,7,4,4,7,7,9,3,7,5,7,8,6,7,6,6,7,8,6,6,80,1,1,4,5,2,3,1,6,4,9,2,10,111,9,11,11,4,51,12,52,54,2,1,3,2020-03-13
7,5,4,4,6,5,3,5,4,7,7,8,3,7,5,9,4,7,4,6,4,3,8,8,50,2,4,5,5,1,3,2,7,2,9,9,12,130,11,8,20,6,52,9,3,51,4,16,1,2020-03-01
4,3,7,4,8,8,6,8,4,5,8,6,9,8,6,4,3,9,9,6,5,8,6,5,50,4,5,6,3,1,5,1,5,2,1,8,13,127,9,13,11,15,3,4,3,57,3,25,1,2020-03-14
8,9,5,6,9,8,5,5,3,6,9,7,7,6,4,4,3,9,7,5,3,5,8,8,35,3,2,7,1,2,4,2,3,4,2,9,12,124,10,3,19,15,3,6,3,2,8,22,3,2020-03-26
5,7,9,4,7,8,4,8,6,6,7,4,6,9,5,4,5,6,6,5,6,6,8,7,60,3,4,3,3,1,1,2,5,3,2,3,11,118,10,14,11,20,51,2,52,54,3,17,2,2020-03-24
5,6,9,7,5,7,5,3,5,8,4,6,8,7,7,5,8,7,7,5,5,5,6,5,35,3,1,7,2,1,5,2,3,3,6,7,17,132,10,10,14,10,52,6,2,57,4,9,2,2020-03-07
5,5,6,6,7,7,8,7,4,4,9,3,7,8,4,9,4,8,8,9,7,9,7,6,60,6,4,6,4,1,4,2,10,3,4,5,10,109,10,7,18,9,3,8,3,57,4,20,2,2020-03-15
9,4,9,6,5,7,6,4,4,4,6,3,8,6,7,4,6,9,5,3,9,3,4,3,60,3,3,4,3,1,4,2,9,2,3,9,13,106,11,10,4,16,2,12,1,57,5,22,1,2020-03-14
5,7,10,4,5,4,5,8,8,5,5,5,5,6,7,8,8,4,6,7,6,5,7,4,60,5,4,3,5,1,3,2,6,2,8,5,12,119,11,4,14,7,1,9,52,55,6,3,3,2020-03-20
8,5,9,9,2,8,6,6,8,6,5,3,6,8,5,5,7,9,9,7,9,7,4,6,80,3,2,6,1,1,3,2,4,3,6,4,11,129,9,8,19,16,1,6,51,54,6,2,2,2020-03-13
5,7,4,9,8,9,8,4,8,6,5,7,4,6,8,9,9,8,6,8,8,3,9,3,60,2,3,4,6,1,4,1,7,2,6,4,13,116,1,2,15,18,51,12,51,3,3,26,2,2020-03-20
7,8,10,8,6,3,8,7,6,9,5,9,5,5,9,4,9,5,3,4,4,8,3,8,60,2,3,4,2,1,4,1,7,3,2,5,15,117,10,5,7,2,3,4,52,3,8,3,1,2020-03-20
5,9,8,7,5,5,8,4,6,5,8,5,8,8,6,4,7,7,4,6,7,6,9,4,18,5,1,5,2,2,3,2,11,2,9,6,14,125,9,10,7,18,52,7,3,54,9,27,3,2020-03-18
4,8,7,5,3,7,9,9,6,8,6,7,7,6,8,5,6,9,6,5,9,5,5,4,35,3,2,5,5,1,5,1,8,2,9,6,12,130,10,20,5,7,52,9,52,55,5,3,2,2020-03-26
8,5,10,6,5,6,4,9,6,4,5,8,9,8,6,3,3,6,5,8,4,5,5,7,80,3,2,6,2,2,5,2,4,4,5,4,16,119,1,5,11,13,2,1,52,56,4,28,3,2020-03-07
7,5,4,6,6,4,9,5,5,9,8,7,4,7,3,3,9,6,4,6,7,7,4,7,35,4,4,6,3,2,3,2,2,3,9,6,15,112,1,16,2,16,2,9,3,1,10,20,3,2020-03-05
6,6,10,8,7,5,5,6,5,5,5,6,7,7,6,5,6,4,4,5,4,7,6,3,35,3,5,4,3,2,4,2,9,3,5,6,9,120,10,9,4,14,3,12,51,54,3,13,2,2020-03-16
5,9,6,5,2,8,7,5,6,3,7,3,6,3,8,7,9,5,7,3,9,8,9,5,80,4,5,3,2,1,3,2,10,4,9,5,11,108,9,7,13,5,51,15,2,1,6,16,2,2020-03-25
8,7,8,5,7,5,8,6,4,3,5,9,3,8,7,3,4,8,4,5,8,5,4,9,35,1,2,2,5,2,3,2,2,1,3,2,1,123,11,4,19,16,3,5,1,55,8,5,1,2020-03-14
7,9,5,5,9,9,6,6,5,9,6,4,8,5,8,5,4,3,4,3,3,9,6,9,80,6,5,1,2,2,3,2,2,3,5,7,12,124,11,10,15,18,2,2,2,54,8,17,3,2020-03-22
6,7,5,7,5,9,4,6,8,9,8,3,8,4,3,4,7,8,5,8,8,6,8,6,18,4,3,7,3,2,3,1,10,3,2,4,13,127,9,14,11,17,51,13,52,54,1,13,1,2020-03-16
5,3,4,6,6,7,3,4,5,7,8,6,7,5,7,8,5,6,8,7,4,6,6,5,50,1,5,6,6,2,3,1,5,3,3,3,12,111,11,5,20,10,3,9,3,54,10,21,3,2020-03-25
5,5,3,5,6,6,5,8,5,5,8,7,8,8,6,9,7,4,5,6,7,6,3,8,35,2,3,6,2,2,5,2,6,1,1,10,17,133,10,17,5,9,1,8,51,1,9,13,2,2020-03-14
8,6,6,7,6,4,4,9,8,3,6,8,3,6,7,8,4,9,6,3,4,4,6,4,18,3,3,2,7,1,4,1,8,2,9,2,17,119,10,7,19,19,3,3,52,58,10,8,2,2020-03-28
6,8,8,5,3,7,6,9,6,6,7,4,7,4,9,5,8,6,4,5,8,9,5,4,60,6,4,3,6,1,3,1,9,3,5,5,9,122,10,4,19,18,51,6,3,54,5,13,1,2020-03-11
4,7,8,7,8,7,8,4,4,9,5,5,5,6,6,8,6,3,6,3,5,9,5,4,60,2,4,5,2,1,4,2,7,2,8,7,16,124,10,16,8,18,51,8,52,51,2,22,3,2020-03-24
8,5,7,6,2,4,4,5,8,4,3,5,6,4,8,9,7,9,6,5,7,7,7,3,35,4,4,2,7,1,4,1,7,2,5,9,15,107,9,17,6,18,51,3,2,52,6,11,1,2020-03-14
7,8,8,3,9,8,7,7,5,5,3,4,6,8,8,7,5,8,7,4,5,4,8,3,18,6,5,6,4,1,4,2,9,3,3,7,15,132,9,20,6,1,3,8,2,54,4,26,1,2020-03-30
3,4,4,6,3,5,5,4,7,5,4,5,8,4,4,6,4,5,6,6,6,6,6,6,50,3,6,2,2,1,5,1,3,3,5,6,1,110,10,2,7,15,3,7,3,2,2,3,3,2020-03-16
8,6,3,6,8,4,9,7,9,9,6,6,3,8,5,5,4,3,5,3,3,5,4,8,50,1,2,5,2,2,3,1,2,4,4,5,9,113,1,12,6,14,2,2,1,2,7,11,2,2020-03-24
4,4,3,7,9,4,9,7,8,3,8,3,8,5,7,3,7,5,4,9,3,8,6,6,80,4,4,6,3,1,3,2,6,2,8,4,13,126,9,14,5,12,52,8,51,54,7,19,3,2020-03-03
4,7,6,7,7,4,3,5,6,9,6,4,6,8,6,4,5,7,4,9,8,7,5,7,18,6,2,3,2,1,1,2,10,2,6,7,12,111,1,9,8,6,2,8,1,2,8,11,2,2020-03-24
7,4,5,9,2,8,4,6,7,6,9,5,4,3,5,8,6,7,6,9,4,8,5,4,35,4,4,7,2,1,1,1,5,4,10,7,15,116,11,1,12,19,2,13,51,2,8,25,3,2020-03-29
4,4,7,8,8,5,7,7,8,6,6,6,7,6,5,6,4,6,4,8,4,9,3,7,50,6,4,6,1,2,3,1,1,2,9,4,10,125,9,10,14,7,1,14,51,56,7,6,2,2020-03-24
6,6,5,5,10,9,3,7,7,4,6,7,4,5,4,6,4,9,5,5,8,4,9,7,60,5,3,2,2,1,3,1,8,1,8,4,14,115,1,6,14,7,51,6,3,2,3,14,1,2020-03-16
4,7,4,5,3,3,8,8,5,8,8,8,8,6,4,8,3,6,8,7,5,6,4,8,18,5,4,2,4,2,1,1,10,4,6,4,12,114,1,8,13,12,2,8,2,52,2,29,1,2020-03-14
7,3,4,6,6,4,7,8,8,6,5,3,6,8,8,8,4,7,4,4,3,5,4,9,50,3,6,2,4,2,4,1,3,3,5,4,15,130,9,10,13,12,3,6,2,56,6,1,3,2020-03-15
3,8,7,6,6,8,7,8,5,5,8,6,6,4,4,4,3,7,4,8,6,6,4,8,60,3,4,5,1,1,1,1,10,1,7,9,14,110,1,4,11,2,2,6,1,54,5,16,2,2020-03-20
5,8,6,7,5,4,9,9,3,3,7,5,6,8,5,4,5,3,4,4,8,8,6,6,35,4,3,5,7,1,1,1,3,3,4,1,14,115,10,2,8,3,3,2,51,57,6,28,1,2020-03-03
5,8,10,9,2,3,5,8,5,5,6,8,7,5,5,8,6,6,5,5,4,7,7,4,80,5,5,3,5,2,1,2,2,3,9,8,13,120,1,15,9,17,2,6,2,51,4,4,2,2020-03-23
8,4,6,6,2,3,9,8,4,7,8,8,6,5,7,5,8,4,6,5,9,8,8,8,80,2,4,4,6,1,4,1,7,3,6,7,10,115,10,7,1,15,52,6,2,54,7,22,3,2020-03-18
7,4,4,4,7,3,7,8,8,7,8,3,7,6,7,6,7,7,6,7,9,4,4,3,35,3,2,6,6,2,4,2,2,4,10,5,11,127,10,7,13,6,1,4,3,51,8,24,3,2020-03-03
5,8,4,7,8,5,7,7,8,6,6,9,4,7,6,5,3,7,8,3,5,4,7,5,80,4,2,1,5,1,3,2,1,2,10,9,13,123,10,11,11,10,51,10,51,54,3,20,3,2020-03-23
6,5,6,7,10,7,6,7,9,9,6,8,3,4,6,9,8,8,3,9,4,5,9,3,35,4,3,6,6,1,5,2,4,1,7,1,11,113,11,17,12,12,3,15,52,56,5,9,2,2020-03-22
6,7,7,5,5,7,8,8,9,4,8,8,4,3,9,8,8,5,6,6,7,5,3,8,60,4,3,5,1,1,3,1,8,3,8,5,13,118,10,8,8,14,2,13,1,56,9,2,3,2020-03-22
5,6,4,8,9,6,7,4,5,4,8,8,8,5,3,4,5,7,5,6,5,4,9,9,50,4,2,5,6,2,3,2,4,2,5,2,15,130,9,16,13,4,2,12,1,55,10,22,2,2020-03-04
7,9,7,7,8,3,9,7,4,5,5,5,7,7,8,9,4,4,4,7,7,7,6,6,60,4,3,2,4,2,1,1,8,3,8,3,10,113,10,16,19,14,3,5,2,2,8,12,2,2020-03-28
7,7,8,7,7,7,7,3,7,4,4,8,3,5,9,6,8,8,9,3,4,7,5,5,80,3,4,1,6,2,3,1,10,4,6,4,16,115,10,18,17,19,2,6,3,55,5,29,2,2020-03-18
8,5,5,8,5,4,4,5,8,7,6,4,7,3,8,8,6,7,7,6,3,4,4,4,50,3,6,5,6,1,4,1,7,2,8,2,9,125,9,6,17,14,3,6,3,51,3,21,2,2020-03-28
8,5,7,3,9,7,4,8,7,8,3,4,7,4,3,9,8,9,9,5,4,5,8,7,50,5,5,3,5,2,4,2,7,1,5,5,10,109,10,8,13,10,2,10,3,55,3,2,1,2020-03-25
8,7,9,4,6,4,5,8,8,8,8,3,6,7,8,4,7,6,8,8,5,7,5,6,60,3,6,3,5,1,1,1,8,3,8,3,1,127,9,3,19,14,1,4,2,57,5,16,1,2020-03-07
8,8,6,7,8,8,5,8,9,5,4,4,9,8,6,6,8,6,7,4,6,8,8,4,18,1,1,6,3,2,3,1,8,1,8,8,15,127,1,2,3,18,3,6,51,54,1,5,2,2020-03-20
6,4,10,5,8,8,8,4,4,6,7,4,7,7,4,3,6,7,6,4,6,9,8,5,80,4,2,5,7,1,3,1,3,3,3,2,14,107,10,2,16,5,1,13,52,55,7,13,1,2020-03-30
3,5,10,5,4,4,3,9,6,4,4,5,5,5,6,3,6,4,5,8,9,7,3,6,80,6,2,2,5,1,3,1,4,1,7,5,16,115,9,8,4,4,51,4,3,54,6,23,1,2020-03-03
4,9,7,3,4,4,8,7,9,6,5,5,5,6,7,6,9,8,4,8,6,8,6,8,80,3,1,3,2,2,3,2,3,3,10,3,16,107,1,14,2,17,2,12,52,57,3,23,1,2020-03-09
5,6,6,4,4,6,5,5,3,7,4,7,7,3,6,9,6,7,5,4,5,7,7,4,60,2,2,4,2,1,4,1,7,4,4,9,13,133,1,14,14,12,51,8,3,51,9,8,2,2020-03-21
7,8,8,9,3,9,5,8,8,7,4,5,9,8,9,9,7,4,7,3,5,8,6,7,50,2,4,1,6,1,4,1,3,3,1,1,1,121,9,12,19,19,52,4,2,2,7,10,2,2020-03-01
9,5,4,4,7,8,4,3,6,8,5,7,4,5,4,5,9,9,9,5,5,3,8,4,80,3,5,1,6,1,3,1,6,3,5,8,11,123,11,18,20,19,3,15,3,56,3,28,2,2020-03-25
8,4,5,8,4,4,6,5,5,7,7,4,7,7,6,8,6,4,4,8,6,6,7,8,60,1,5,3,2,1,1,1,7,1,3,10,14,129,1,18,13,17,3,11,3,3,8,12,3,2020-03-02
3,6,4,6,4,6,9,8,8,7,9,4,4,4,7,4,9,6,5,7,5,7,4,4,80,6,3,7,2,1,3,2,5,2,8,6,15,108,9,6,15,18,2,3,3,55,3,9,2,2020-03-13
4,8,9,8,9,6,7,7,4,5,8,8,3,3,8,8,3,7,3,5,8,9,3,6,35,5,3,5,3,1,1,1,1,2,6,3,10,113,10,13,7,17,52,13,51,2,7,6,1,2020-03-16
5,7,9,6,8,7,5,4,8,6,6,9,3,8,3,8,6,7,8,5,7,8,9,4,80,3,1,2,2,1,1,2,5,4,3,7,13,110,10,17,15,12,2,11,3,56,3,14,2,2020-03-01
5,7,9,3,2,6,6,9,5,6,5,4,6,8,4,7,7,7,4,4,7,5,7,3,50,2,3,3,1,2,4,2,5,3,3,6,14,119,10,15,19,12,52,11,3,3,5,25,2,2020-03-21
7,5,8,7,9,4,8,7,4,7,5,8,5,7,6,6,9,7,6,3,8,8,7,5,50,1,5,2,5,2,4,2,5,2,6,8,16,131,10,1,9,11,3,8,3,55,3,11,2,2020-03-19
5,7,3,7,2,5,7,3,6,5,6,8,4,4,6,9,8,7,7,5,7,6,6,7,60,4,4,5,1,2,3,1,3,3,4,8,14,108,11,16,19,4,3,1,51,55,9,19,3,2020-03-14
4,5,9,5,6,5,5,3,7,5,3,7,8,8,6,5,7,6,4,8,8,5,8,5,60,2,6,5,1,1,3,2,7,3,8,2,10,109,9,11,6,15,2,11,3,2,8,7,3,2020-03-17
4,9,7,8,9,7,7,8,9,3,9,5,8,7,4,5,4,4,5,6,4,7,9,5,35,5,5,3,4,1,1,1,10,1,3,10,15,116,10,8,8,5,3,6,52,54,1,2,2,2020-03-29
5,6,10,4,8,6,9,9,8,8,8,5,6,9,4,5,4,4,6,6,6,8,5,4,50,2,4,5,6,1,1,2,1,2,4,9,14,120,10,15,12,10,3,4,52,2,10,3,2,2020-03-05
3,7,8,6,4,5,8,5,8,7,6,4,5,6,4,7,9,8,9,8,7,3,4,5,60,1,5,7,5,2,4,1,5,2,4,2,10,115,9,19,14,12,2,15,3,52,3,7,2,2020-03-22
5,5,7,3,9,6,9,6,6,5,8,7,8,3,8,9,6,6,5,5,4,6,7,5,60,1,4,7,5,1,3,2,2,4,6,4,16,129,10,7,9,10,2,8,3,51,2,7,2,2020-03-11
5,3,5,5,9,3,8,6,4,6,5,8,7,5,8,3,7,4,7,4,8,7,5,8,18,2,3,3,6,1,3,1,4,3,6,5,12,113,9,19,16,4,2,6,51,2,7,27,2,2020-03-28
6,5,9,5,9,7,8,9,4,9,7,8,3,7,6,5,3,9,9,6,6,8,8,9,18,2,4,2,4,2,5,2,7,1,4,10,15,106,1,16,19,13,51,2,3,51,3,8,2,2020-03-11
9,8,6,4,8,4,5,4,9,5,5,4,7,4,5,5,8,5,3,7,7,6,5,6,60,6,4,7,3,2,5,2,3,3,9,10,10,132,1,10,17,8,2,4,2,56,3,19,2,2020-03-14
7,4,4,3,7,5,8,5,5,5,3,4,4,7,7,6,5,3,7,4,7,7,4,6,35,6,5,5,2,2,1,1,9,1,8,3,1,131,10,6,5,17,3,4,1,51,4,12,2,2020-03-07
3,6,7,5,9,8,9,7,5,8,9,3,9,3,9,8,7,9,5,9,6,6,8,8,50,2,2,2,3,2,4,1,8,3,2,6,15,127,9,14,14,14,3,11,2,3,6,9,1,2020-03-28
5,7,9,5,8,6,6,9,5,9,5,5,5,7,4,8,6,7,4,5,5,8,5,7,50,4,2,6,2,2,1,2,7,3,9,3,10,111,1,13,3,12,3,9,52,54,5,15,2,2020-03-14
7,9,5,4,3,6,3,8,7,3,6,8,9,7,8,7,7,6,9,3,4,6,8,7,50,1,4,3,6,1,4,2,4,4,7,10,11,126,11,19,17,14,51,13,1,57,7,21,2,2020-03-16
5,5,7,3,9,6,6,5,5,7,4,6,3,4,8,7,7,9,8,6,9,9,8,4,60,5,4,5,4,2,4,2,7,1,7,5,16,106,10,8,13,17,3,5,51,52,8,24,3,2020-03-30
5,9,4,7,8,7,9,4,3,4,5,4,9,5,8,6,5,6,3,9,9,4,5,4,60,4,4,4,7,2,5,1,9,2,4,2,16,109,10,4,17,3,51,9,51,56,3,6,2,2020-03-27
7,9,7,7,6,9,5,3,8,8,7,8,5,7,3,9,4,7,5,8,4,9,7,5,50,5,4,4,3,1,4,2,2,4,7,4,17,129,1,12,17,18,3,8,2,56,9,5,3,2020-03-03
9,7,4,4,4,9,5,9,4,8,6,7,7,9,4,6,8,4,4,4,8,4,5,5,50,2,1,4,3,1,5,1,7,4,4,6,10,130,9,5,3,10,1,11,51,51,5,12,2,2020-03-30
8,3,8,6,9,3,3,5,5,9,8,7,5,6,4,8,8,4,5,7,6,6,8,8,60,1,5,4,3,1,4,2,7,2,6,1,16,130,10,9,7,11,2,12,1,1,4,16,1,2020-03-23
4,8,4,9,5,8,8,6,3,5,7,4,4,6,6,6,5,8,7,5,8,4,6,4,80,4,1,7,6,1,5,1,10,2,7,3,10,133,10,8,2,16,51,5,2,56,8,20,2,2020-03-15
6,8,5,8,5,5,5,3,9,3,6,5,7,6,7,5,6,5,3,4,6,7,4,9,35,4,4,5,2,1,4,2,2,2,8,9,14,109,9,7,8,2,52,13,3,52,1,21,1,2020-03-01
4,5,4,8,4,8,5,5,3,4,7,6,6,8,3,8,8,9,6,6,5,9,7,4,18,6,5,2,6,2,5,1,11,4,10,4,10,132,10,12,3,17,52,8,2,2,1,23,3,2020-03-06
7,4,10,4,3,3,9,8,4,8,5,7,9,4,7,6,8,3,7,4,4,7,4,5,35,5,4,5,4,2,4,2,8,2,4,9,12,128,9,12,9,6,2,5,3,55,7,26,2,2020-03-12
3,8,7,6,5,7,8,5,7,5,6,6,3,6,4,4,4,5,8,6,7,7,7,8,50,1,5,4,5,1,4,2,3,3,4,9,16,119,11,10,6,11,52,12,51,57,8,10,3,2020-03-30
4,9,7,8,7,8,7,4,8,9,4,6,6,4,6,9,5,5,8,9,6,7,8,9,50,4,4,3,7,2,3,2,11,2,5,5,12,130,11,2,1,17,51,4,51,3,5,15,2,2020-03-26
6,8,5,5,4,7,8,6,4,4,9,9,5,4,5,7,4,4,8,4,8,6,4,8,60,4,5,1,6,2,1,2,2,2,8,1,10,129,11,18,8,18,2,9,3,1,9,23,2,2020-03-02
9,4,5,8,7,8,4,8,5,6,9,6,3,6,5,8,4,8,5,3,7,7,4,4,50,3,4,2,6,2,4,2,8,3,7,1,12,106,10,16,9,17,2,1,52,56,7,23,2,2020-03-08
7,5,6,8,8,7,6,4,3,5,5,7,8,7,3,6,4,4,9,8,9,6,6,4,35,4,3,2,5,2,3,1,1,4,3,8,1,124,11,4,15,7,1,12,3,52,2,25,2,2020-03-07
5,5,8,6,2,5,5,3,8,9,8,5,5,5,6,4,9,8,6,5,7,6,8,4,60,5,3,6,5,1,1,1,5,2,8,4,17,115,9,9,10,11,1,3,51,52,9,19,3,2020-03-20
7,7,7,5,5,7,3,4,5,7,8,5,6,9,6,6,4,5,7,5,7,6,7,5,80,1,4,4,2,2,3,1,10,2,5,10,16,117,9,2,7,3,2,2,2,55,8,7,2,2020-03-05
